<?xml version="1.0" encoding="UTF-8"?>
<colors>
	<color name="primary_background">FF3D69BA</color>
	<color name="secondary_background">334F4F9E</color>
	<color name="dialog_tint">88181DA4</color>
	<color name="button_focus">FFFDA700</color>
	<color name="OSD_button_nofocus">FF3D69BA</color>
	<color name="epg_button_nofocus">FF3D69BA</color>
	<color name="epg_button_focus">FFFDA700</color>
	<color name="selected">FFFFF100</color>
	<color name="osdpanel">FF181DA4</color>
	<color name="0_Genre">FF3D69BA</color>
</colors>
