<?xml version="1.0" encoding="UTF-8"?>
<colors>
	<color name="primary_background">FF080864</color>
	<color name="secondary_background">334F4F9E</color>
	<color name="dialog_tint">FF181B1E</color>
	<color name="button_focus">FFFDA700</color>
	<color name="epg_button_nofocus">FF080864</color>
	<color name="epg_button_focus">FF12A0C7</color>
	<color name="selected">FFFFF100</color>
	<color name="osdpanel">FF080864</color>
	<color name="0_Genre">FF080864</color>
	<color name="Time_Remaining">FFFFLALA</color>
</colors>
