<?xml version="1.0" encoding="UTF-8"?>
<window type="dialog" id="1105">
	<defaultcontrol always="true">5000</defaultcontrol>
	<include>Animation_DialogPopupOpenClose</include>
	<controls>
		<control type="group">
			<centerleft>50%</centerleft>
			<width>600</width>
			<centertop>50%</centertop>
			<height>860</height>
			<include content="DialogBackgroundCommons">
				<param name="width" value="800" />
				<param name="height" value="80" />
				<param name="header_label" value="$LOCALIZE[5]" />
				<param name="header_id" value="" />
			</include>
			<control type="group">
				<left>0</left>
				<top>80</top>
				<control type="grouplist" id="5000">
					<width>800</width>
					<height>780</height>
					<itemgap>0</itemgap>
					<onup>5000</onup>
					<ondown>5000</ondown>
					<orientation>vertical</orientation>
					<control type="radiobutton" id="5001">
						<width>800</width>
						<include>DialogSettingButton</include>
						<label>$LOCALIZE[31163]</label>
						<onclick>Skin.ToggleSetting(hide_background_fanart)</onclick>
						<selected>!Skin.HasSetting(hide_background_fanart)</selected>
					</control>
					<control type="radiobutton" id="5002">
						<label>$LOCALIZE[31167]</label>
						<include>DialogSettingButton</include>
						<onclick>Skin.ToggleSetting(animate_background_fanart)</onclick>
						<selected>Skin.HasSetting(animate_background_fanart)</selected>
					</control>
					<control type="radiobutton" id="50015">
						<label>Display 'Up-Next' Mini Playlist</label>
						<include>DialogSettingButton</include>
						<onclick>Skin.ToggleSetting(show_mini_music_playlist)</onclick>
						<selected>Skin.HasSetting(show_mini_music_playlist)</selected>
						<visible>!Pvr.IsPlayingRadio + !Player.IsInternetStream</visible>
					</control>
					<control type="radiobutton" id="50011">
						<width>800</width>
						<label>Show Album Disc Art</label>
						<include>DialogSettingButton</include>
						<selected>!Skin.HasSetting(show_disc)</selected>
						<onclick>Skin.ToggleSetting(show_disc)</onclick>
						<visible>!Pvr.IsPlayingRadio + !string.Contains(Player.Folderpath,iplayerwww)</visible>
					</control>
					<control type="radiobutton" id="50012">
						<width>800</width>
						<label>Show Clear Logo</label>
						<include>DialogSettingButton</include>
						<selected>!Skin.HasSetting(enable_clearlogo)</selected>
						<onclick>Skin.ToggleSetting(enable_clearlogo)</onclick>
						<visible>Player.HasAudio</visible>
					</control>
					<control type="radiobutton" id="50014">
						<width>800</width>
						<include>DialogSettingButton</include>
						<label>Enable Scrolling Text</label>
						<onclick>Skin.ToggleSetting(enable_scrollingtext)</onclick>
						<selected>!Skin.HasSetting(enable_scrollingtext)</selected>
						<visible>!string.Contains(Player.Folderpath,iplayerwww)</visible>
					</control>
					<control type="radiobutton" id="50013">
						<label>Display Coloured Equalizer on OSD</label>
						<include>DialogSettingButton</include>
						<onclick>Skin.ToggleSetting(music_equalizer(coloured))</onclick>
						<selected>!Skin.HasSetting(music_equalizer(coloured))</selected>
						<visible>!Pvr.IsPlayingRadio</visible>
					</control>
					<control type="button" id="5004">
						<width>800</width>
						<include>DialogSettingButton</include>
						<label>$LOCALIZE[250]</label>
						<label2>[B]$INFO[Visualisation.Name][/B]</label2>
						<onclick>Dialog.Close(all)</onclick>
						<onclick>SendClick(500)</onclick>
					</control>
					<control type="button" id="5005">
						<width>800</width>
						<include>DialogSettingButton</include>
						<label>$LOCALIZE[31084]</label>
						<onclick>Addon.Default.OpenSettings(xbmc.player.musicviz)</onclick>
					</control>
					<control type="button" id="5006">
						<width>800</width>
						<include>DialogSettingButton</include>
						<label>$LOCALIZE[31068]</label>
						<onclick>ActivateWindow(visualisationpresetlist)</onclick>
						<visible>Visualisation.HasPresets</visible>
					</control>
					<control type="button" id="5007">
						<width>800</width>
						<include>DialogSettingButton</include>
						<label>$LOCALIZE[31082]</label>
						<label2>[B]$INFO[Skin.String(LyricScript_Path)][/B]</label2>
						<onclick>Skin.SetAddon(LyricScript_Path,xbmc.python.lyrics)</onclick>
						<visible>!Pvr.IsPlayingRadio</visible>
					</control>
					<control type="button" id="5008">
						<width>800</width>
						<include>DialogSettingButton</include>
						<label>$LOCALIZE[31083]</label>
						<onclick>Addon.OpenSettings($INFO[Skin.String(LyricScript_Path)])</onclick>
						<visible>!String.IsEmpty(Skin.String(LyricScript_Path))</visible>
						<visible>!Pvr.IsPlayingRadio</visible>
					</control>
				</control>
			</control>
		</control>
	</controls>
</window>
