<?xml version="1.0" encoding="utf-8"?>
<window type="dialog" id="1122">
	<defaultcontrol always="true">1</defaultcontrol>
	<include>Animation_DialogPopupOpenClose</include>
	<controls>
		<control type="group">
			<bottom>0</bottom>
			<height>325</height>
			<control type="image">
				<left>370</left>
				<width>1550</width>
				<height>347</height>
				<bottom>173</bottom>
				<texture>dialogs/dialog-bg-nobo.png</texture>
			</control>
			<control type="textbox">
				<include content="ItemLeft" condition="![Window.IsVisible(fullscreenvideo) + !Window.IsActive(fullscreeninfo)]">
					<param name="left" value="430"/>
				</include>
				<include content="ItemLeft" condition="[Window.IsVisible(fullscreenvideo) + !Window.IsActive(fullscreeninfo)]">
					<param name="left" value="0"/>
				</include>
				<right>-300</right>
				<top>-200</top>
				<height>350</height>
				<align>center</align>
				<aligny>center</aligny>
				<font>font45_title</font>
				<label>$LOCALIZE[19055]</label>
				<visible>!Container(11).IsUpdating + Integer.IsEqual(Container(11).NumItems,0)</visible>
			</control>
			<control type="group">
				<height>410</height>
				<include content="ItemLeft" condition="![Window.IsVisible(fullscreenvideo) + !Window.IsActive(fullscreeninfo)]">
					<param name="left" value="460"/>
				</include>
				<include content="ItemLeft" condition="[Window.IsVisible(fullscreenvideo) + !Window.IsActive(fullscreeninfo)]">
					<param name="left" value="30"/>
				</include>
				<right>30</right>
				<visible>Container(11).IsUpdating + !Integer.IsGreater(Container(11).NumItems,0)</visible>
				<control type="image">
					<top>-90</top>
					<centerleft>55%</centerleft>
					<width>100</width>
					<height>100</height>
					<aspectratio aligny="center">keep</aspectratio>
					<texture colordiffuse="black">dialogs/extendedprogress/loading-back.png</texture>
				</control>
				<control type="image">
					<top>-90</top>
					<centerleft>55%</centerleft>
					<width>100</width>
					<height>100</height>
					<aspectratio aligny="center">keep</aspectratio>
					<texture>dialogs/extendedprogress/loading.png</texture>
					<animation effect="rotate" center="auto" start="360" end="0" time="1500" loop="true" condition="true">Conditional</animation>
				</control>
			</control>
			<control type="button" id="800">
				<left>-10000</left>
				<width>10</width>
				<height>1</height>
				<onfocus>Action(Close)</onfocus>
				<onfocus>ActivateWindow(videoosd)</onfocus>
				<onfocus>SetFocus(70014)</onfocus>
			</control>
			<control type="grouplist" id="9001">
				<orientation>horizontal</orientation>
				<left>835</left>
				<bottom>510</bottom>
				<width>1000</width>
				<height>100</height>
				<align>left</align>
				<orientation>horizontal</orientation>
				<itemgap>-20</itemgap>
				<onup>11</onup>
				<ondown>11</ondown>
				<usecontrolcoords>true</usecontrolcoords>
				<animation effect="slide" end="-430,0" time="0" condition="[Window.IsVisible(fullscreenvideo) + !Window.IsActive(fullscreeninfo)]">Conditional</animation>
				<control type="button" id="1">
					<width>auto</width>
					<height>100</height>
					<textoffsetx>30</textoffsetx>
					<label>$LOCALIZE[15067]</label>
					<font>font25_title</font>
					<onclick>SetFocus(800)</onclick>
					<texturefocus border="40" colordiffuse="button_focus">buttons/dialogbutton-fo.png</texturefocus>
					<texturenofocus border="40">buttons/dialogbutton-nofo.png</texturenofocus>
				</control>
			</control>
			<control type="wraplist" id="11">
				<include content="ItemLeft" condition="![Skin.HasSetting(SmallOSDVideo) + Window.IsVisible(fullscreenvideo) + !Window.IsActive(fullscreeninfo)]">
					<param name="left" value="430"/>
				</include>
				<include content="ItemLeft" condition="[Skin.HasSetting(SmallOSDVideo) + Window.IsVisible(fullscreenvideo) + !Window.IsActive(fullscreeninfo)]">
					<param name="left" value="0"/>
				</include>
				<top>-130</top>
				<right>50</right>
				<height>350</height>
				<onup>9001</onup>
				<ondown>SetFocus(800)</ondown>
				<preloaditems>1</preloaditems>
				<orientation>horizontal</orientation>
				<include content="FocusPosition" condition="![Skin.HasSetting(SmallOSDVideo) + Window.IsVisible(fullscreenvideo) + !Window.IsActive(fullscreeninfo)]">
					<param name="focusposition" value="3"/>
				</include>
				<include content="FocusPosition" condition="[Skin.HasSetting(SmallOSDVideo) + Window.IsVisible(fullscreenvideo) + !Window.IsActive(fullscreeninfo)]">
					<param name="focusposition" value="4"/>
				</include>
				<autoscroll time="3000">!Control.HasFocus(11)</autoscroll>
				<scrolltime easing="inout" tween="sine">300</scrolltime>
				<itemlayout height="300" width="210">
					<control type="group">
						<left>-160</left>
						<control type="image">
							<left>610</left>
							<top>5</top>
							<width>165</width>
							<height>210</height>
							<aspectratio align="center" aligny="center">scale</aspectratio>
							<texture background="true" fallback="DefaultActorSolid.png">$INFO[ListItem.Icon]</texture>
							<bordertexture colordiffuse="border_alpha">colors/black.png</bordertexture>
							<bordersize>4</bordersize>
						</control>
					</control>
				</itemlayout>
				<focusedlayout height="300" width="210">
					<control type="group">
						<left>-160</left>
						<control type="button">
							<texturefocus></texturefocus>
							<texturenofocus></texturenofocus>
							<onfocus>SetProperty(OSD_Cast_String,$INFO[ListItem.Label]$INFO[ListItem.Label2, $LOCALIZE[20347] ],home)</onfocus>
						</control>
						<control type="image">
							<left>610</left>
							<top>5</top>
							<width>165</width>
							<height>210</height>
							<texture border="8" colordiffuse="button_focus">colors/white.png</texture>
							<visible>Control.HasFocus(11)</visible>
						</control>
						<control type="image">
							<left>610</left>
							<top>5</top>
							<width>165</width>
							<height>210</height>
							<aspectratio align="center" aligny="center">scale</aspectratio>
							<texture background="true" fallback="DefaultActorSolid.png">$INFO[ListItem.Icon]</texture>
							<bordertexture colordiffuse="border_alpha">colors/black.png</bordertexture>
							<bordersize>4</bordersize>
						</control>
					</control>
				</focusedlayout>
				<content target="video">$VAR[OSDCastVar]</content>
			</control>
			<control type="image">
				<depth>DepthOSD+</depth>
				<left>0</left>
				<bottom>0</bottom>
				<width>390</width>
				<height>540</height>
				
				<texture fallback="DefaultVideo.png" background="true">$VAR[NowPlayingPosterVar]</texture>
				<bordertexture border="21">overlays/shadow.png</bordertexture>
				<bordersize>20</bordersize>
				<include>OpenClose_Left</include>
				<visible>!VideoPlayer.Content(LiveTV) + !Pvr.IsPlayingRadio</visible>
				<visible>!Window.IsVisible(playerprocessinfo) + !Window.IsVisible(videobookmarks)</visible>
			</control>
			<control type="label">
				<include content="ItemLeft" condition="![Window.IsVisible(fullscreenvideo) + !Window.IsActive(fullscreeninfo)]">
					<param name="left" value="460"/>
				</include>
				<include content="ItemLeft" condition="[Window.IsVisible(fullscreenvideo) + !Window.IsActive(fullscreeninfo)]">
					<param name="left" value="30"/>
				</include>
				<top>95</top>
				<right>-275</right>
				<align>center</align>
				<height>41</height>
				<font>font12</font>
				<scroll>true</scroll>
				<label>[B]$INFO[Container(11).ListItem.Label][COLOR white]$INFO[Container(11).ListItem.Label2, $LOCALIZE[20347] ][/COLOR][/B]</label>
				<textcolor>button_focus</textcolor>
				<visible>Integer.IsGreater(Container(11).NumItems,0)</visible>
			</control>
		</control>
	</controls>
</window>