<?xml version="1.0" encoding="utf-8"?>
<window type="dialog" id="1134">
	<onload>Dialog.Close(fullscreeninfo,true)</onload>
	<visible>!Window.IsVisible(VideoOSD.xml) + !Window.IsVisible(DialogPVRChannelsOSD.xml) + !Window.IsVisible(DialogPVRChannelGuide.xml) + !Window.IsVisible(DialogFullScreenInfo.xml) + !Window.IsVisible(Custom_1135_PVROverlay.xml)</visible>
	<controls>
		<control type="group">
			<visible>!Window.IsVisible(videoosd) + Window.IsVisible(fullscreenvideo) + [String.IsEqual(PVR.EpgEventRemainingTime,00:30) | String.IsEqual(PVR.EpgEventRemainingTime,00:29) | String.IsEqual(PVR.EpgEventRemainingTime,00:28) | String.IsEqual(PVR.EpgEventRemainingTime,00:27) | String.IsEqual(PVR.EpgEventRemainingTime,00:26) | String.IsEqual(PVR.EpgEventRemainingTime,00:25) | String.IsEqual(PVR.EpgEventRemainingTime,00:24) | String.IsEqual(PVR.EpgEventRemainingTime,00:23) | String.IsEqual(PVR.EpgEventRemainingTime,00:22) | String.IsEqual(PVR.EpgEventRemainingTime,00:21) | String.IsEqual(PVR.EpgEventRemainingTime,00:20) | String.IsEqual(PVR.EpgEventRemainingTime,00:19) | String.IsEqual(PVR.EpgEventRemainingTime,00:18) | String.IsEqual(PVR.EpgEventRemainingTime,00:17) | String.IsEqual(PVR.EpgEventRemainingTime,00:16) | String.IsEqual(PVR.EpgEventRemainingTime,00:15) | String.IsEqual(PVR.EpgEventRemainingTime,00:14) | String.IsEqual(PVR.EpgEventRemainingTime,00:13) | String.IsEqual(PVR.EpgEventRemainingTime,00:12) | String.IsEqual(PVR.EpgEventRemainingTime,00:11) | String.IsEqual(PVR.EpgEventRemainingTime,00:10) | String.IsEqual(PVR.EpgEventRemainingTime,00:09) | String.IsEqual(PVR.EpgEventRemainingTime,00:08) | String.IsEqual(PVR.EpgEventRemainingTime,00:07) | String.IsEqual(PVR.EpgEventRemainingTime,00:06) | String.IsEqual(PVR.EpgEventRemainingTime,00:05)| String.IsEqual(PVR.EpgEventRemainingTime,00:04) | String.IsEqual(PVR.EpgEventRemainingTime,00:03) | String.IsEqual(PVR.EpgEventRemainingTime,00:02) | String.IsEqual(PVR.EpgEventRemainingTime,00:01)]</visible>
			<visible>VideoPlayer.Content(livetv) + !Skin.HasSetting(Show_NextUp_TV)</visible>
			<right>10</right>
			<top>0</top>
			<width>650</width>
			<height>160</height>
			<control type="image">
				<top>30</top>
				<width>650</width>
				<height>160</height>
				<texture>dialogs/nextup/nextup.png</texture>
				<colordiffuse>osdpanel</colordiffuse>
				<aspectratio scalediffuse="false">scale</aspectratio>
			</control>
			<control type="image" id="6990">
				<top>65</top>
				<left>5</left>
				<width>540</width>
				<height>140</height>
				<aspectratio align="center" aligny="center">keep</aspectratio>
				<texture>$VAR[PVR_NextUP_Local_Banner_Artwork_Var]</texture> 
			</control>
			<control type="image" id="6991">
				<top>65</top>
				<left>5</left>
				<width>540</width>
				<height>140</height>
				<aspectratio align="center" aligny="center">keep</aspectratio>
				<texture fallback="DefaultPVRBanner.png">$VAR[PVR_NextUP_Banner_SkinHelper_Var]</texture>
				<visible>String.IsEmpty(Control.GetLabel(6990))</visible>
			</control>
			<control type="image">
				<top>30</top>
				<width>650</width>
				<height>50</height>
				<texture colordiffuse="primary_background">colors/white.png</texture>
				<visible>true</visible>
			</control>
			<control type="label">
				<top>30</top>
				<width>650</width>
				<height>50</height>
				<font>font12</font>
				<textcolor>button_focus</textcolor>
				<shadowcolor>black</shadowcolor>
				<align>center</align>
				<aligny>center</aligny>
				<textoffsetx>5</textoffsetx>
				<scroll>true</scroll>
				<label>Coming Up Next: $INFO[VideoPlayer.NextTitle]</label>
			</control>
			<control type="image">
				<top>158</top>
				<right>15</right>
				<width>75</width>
				<height>25</height>
				<texture>flags/runtime/seconds.png</texture>
			</control>
			 <control type="group">
					<top>87</top>
					<right>64</right>
                    <height>64</height>
                    <width>64</width>
                    <centertop>150</centertop>
                    <centerleft>92%</centerleft>
                    <control type="image">
                        <height>64</height>
                        <width>64</width>
                        <aspectratio scalediffuse="false">keep</aspectratio>
                        <texture colordiffuse="button_focus">dialogs/nextup/circle.png</texture> 
					</control>
                    <control type="label">
                        <top>-2</top>
                        <align>center</align>
                        <width>64</width>
                        <height>64</height>
                        <font>font24_title</font>
						<textcolor>primary_background</textcolor>
                        <aligny>center</aligny>
                        <label>$INFO[PVR.EpgEventRemainingTime(ss)]</label>
					</control>
                </control>
				<control type="button" id="3012">
                    <description>Play</description>
					<top>195</top>
                    <right>85</right>
                    <width>48</width>
                    <height>48</height>
                    <label/>
                    <align>center</align>
                    <aligny>center</aligny>
                    <textoffsetx>0</textoffsetx>
                    <onleft>3013</onleft>
                    <onright>3013</onright>
                    <texturefocus colordiffuse="FF4bff71">dialogs/nextup/nextupplay.png</texturefocus>
                    <texturenofocus colordiffuse="FF3D69BA">dialogs/nextup/nextupplay.png</texturenofocus>
					<visible>false</visible>
                </control>
                <control type="button" id="3013">
                    <description>Cancel</description>
					<top>195</top>
                    <right>10</right>
                    <width>48</width>
                    <height>48</height>
                    <label/>
                    <align>center</align>
                    <aligny>center</aligny>
                    <textoffsetx>0</textoffsetx>
                    <onleft>3012</onleft>
                    <onright>3012</onright>
                    <texturefocus colordiffuse="FFff0000">dialogs/nextup/nextupstop.png</texturefocus>
                    <texturenofocus colordiffuse="FF3D69BA">dialogs/nextup/nextupstop.png</texturenofocus>
					<visible>false</visible>
				</control>
		</control>
		<!-- WIP Next-Up Panel for Music Videos) -->
		<control type="group">
			<visible>!Window.IsVisible(videoosd) + Window.IsVisible(fullscreenvideo) + [String.IsEqual(Player.TimeRemaining,00:25) | String.IsEqual(Player.TimeRemaining,00:24) | String.IsEqual(Player.TimeRemaining,00:23) | String.IsEqual(Player.TimeRemaining,00:22) | String.IsEqual(Player.TimeRemaining,00:21) | String.IsEqual(Player.TimeRemaining,00:20) | String.IsEqual(Player.TimeRemaining,00:19) | String.IsEqual(Player.TimeRemaining,00:18) | String.IsEqual(Player.TimeRemaining,00:17) | String.IsEqual(Player.TimeRemaining,00:16) | String.IsEqual(Player.TimeRemaining,00:15) | String.IsEqual(Player.TimeRemaining,00:14) | String.IsEqual(Player.TimeRemaining,00:13) | String.IsEqual(Player.TimeRemaining,00:12) | String.IsEqual(Player.TimeRemaining,00:11) | String.IsEqual(Player.TimeRemaining,00:10) | String.IsEqual(Player.TimeRemaining,00:09) | String.IsEqual(Player.TimeRemaining,00:08) | String.IsEqual(Player.TimeRemaining,00:07) | String.IsEqual(Player.TimeRemaining,00:06) | String.IsEqual(Player.TimeRemaining,00:05)| String.IsEqual(Player.TimeRemaining,00:04) | String.IsEqual(Player.TimeRemaining,00:03) | String.IsEqual(Player.TimeRemaining,00:02) | String.IsEqual(Player.TimeRemaining,00:01)]</visible>
			<visible>VideoPlayer.Content(musicvideos) + !Skin.HasSetting(Show_NextUp_Music_Vids)</visible>
			<right>10</right>
			<top>40</top>
			<width>830</width> 
			<height>100</height>
			<control type="image">
				<top>60</top>
				<width>830</width>
				<height>220</height>
				<texture>dialogs/nextup/nextup.png</texture>
				<colordiffuse>osdpanel</colordiffuse>
				<aspectratio scalediffuse="false">scale</aspectratio>
			</control>
			<control type="image" id="6990">
				<top>65</top>
				<left>5</left>
				<width>210</width>
				<height>210</height>
				<aspectratio align="center" aligny="center">keep</aspectratio>
				<texture>$VAR[OSD_NextUP_Music_Video_Artist_Var]</texture> 
			</control>
			<control type="image" id="6991">
				<top>65</top>
				<left>5</left>
				<width>210</width>
				<height>210</height>
				<aspectratio align="center" aligny="center">keep</aspectratio>
				<texture fallback="DefaultPVRBanner.png">$VAR[NowPlayingPosterVar]</texture>
				<visible>String.IsEmpty(Control.GetLabel(6990))</visible>
				<visible>false</visible>
			</control>
			<control type="image">
				<top>30</top>
				<width>650</width>
				<height>50</height>
				<texture colordiffuse="primary_background">colors/white.png</texture>
				<visible>false</visible>
			</control>
			<control type="label">
				<top>70</top>
				<left>230</left>
				<width>650</width>
				<height>50</height>
				<font>font45</font>
				<textcolor>white</textcolor>
				<shadowcolor>black</shadowcolor>
				<aligny>center</aligny>
				<textoffsetx>5</textoffsetx>
				<scroll>true</scroll>
				<label>Coming Up Next in....       </label>
			</control>
			<control type="image">
				<top>120</top>
				<left>225</left>
				<width>60</width>
				<height>60</height>
				<texture>DefaultArtist.png</texture>
			</control>
			<control type="label">
				<top>130</top>
				<left>285</left>
				<width>650</width>
				<height>50</height>
				<font>font37</font>
				<textcolor>button_focus</textcolor>
				<shadowcolor>black</shadowcolor>
				<aligny>center</aligny>
				<textoffsetx>5</textoffsetx>
				<scroll>true</scroll>
				<label>$VAR[OSDNextUPArtistLabelVar]</label>
			</control>
			<control type="image">
				<top>170</top>
				<left>225</left>
				<width>60</width>
				<height>75</height>
				<texture>DefaultMusicVideos.png</texture>
			</control>
			<control type="label">
				<top>185</top>
				<left>285</left>
				<width>650</width>
				<height>50</height>
				<font>font14</font>
				<textcolor>white</textcolor>
				<shadowcolor>black</shadowcolor>
				<aligny>center</aligny>
				<textoffsetx>5</textoffsetx>
				<scroll>true</scroll>
				<label>$INFO[VideoPlayer.offset(1).Title]</label>
			</control>
			<control type="image">
				<top>158</top>
				<right>15</right>
				<width>75</width>
				<height>25</height>
				<texture>flags/runtime/seconds.png</texture>
				<visible>false</visible>
			</control>
			<control type="group">
					<top>68</top>
					<right>64</right>
                    <height>64</height>
                    <width>64</width>
                    <centertop>150</centertop>
                    <centerleft>85%</centerleft>
                    <control type="image">
                        <height>64</height>
                        <width>64</width>
                        <aspectratio scalediffuse="false">keep</aspectratio>
                        <texture colordiffuse="button_focus">dialogs/nextup/circle.png</texture> 
					</control>
                    <control type="label">
                        <top>-2</top>
                        <align>center</align>
                        <width>64</width>
                        <height>64</height>
                        <font>font24_title</font>
						<textcolor>primary_background</textcolor>
                        <aligny>center</aligny>
                        <label>$INFO[Player.TimeRemaining(ss)]</label>
					</control>
					<control type="label">
                        <top>10</top>
                        <align>center</align>
                        <width>64</width>
                        <height>64</height>
                        <font>font20_title</font>
						<textcolor>primary_background</textcolor>
                        <aligny>center</aligny>
                        <label>Secs</label>
						<visible>false</visible>
					</control>
            </control>
				<control type="button" id="3012">
                    <description>Play</description>
					<top>195</top>
                    <right>85</right>
                    <width>48</width>
                    <height>48</height>
                    <label/>
                    <align>center</align>
                    <aligny>center</aligny>
                    <textoffsetx>0</textoffsetx>
                    <onleft>3013</onleft>
                    <onright>3013</onright>
                    <texturefocus colordiffuse="FF4bff71">dialogs/nextup/nextupplay.png</texturefocus>
                    <texturenofocus colordiffuse="FF3D69BA">dialogs/nextup/nextupplay.png</texturenofocus>
					<visible>false</visible>
                </control>
                <control type="button" id="3013">
                    <description>Cancel</description>
					<top>195</top>
                    <right>10</right>
                    <width>48</width>
                    <height>48</height>
                    <label/>
                    <align>center</align>
                    <aligny>center</aligny>
                    <textoffsetx>0</textoffsetx>
                    <onleft>3012</onleft>
                    <onright>3012</onright>
                    <texturefocus colordiffuse="FFff0000">dialogs/nextup/nextupstop.png</texturefocus>
                    <texturenofocus colordiffuse="FF3D69BA">dialogs/nextup/nextupstop.png</texturenofocus>
					<visible>false</visible>
				</control>
				<visible>false</visible>
		</control>
		
	</controls>
</window>