<?xml version="1.0" encoding="utf-8"?>
<window type="dialog" id="1139">
	<defaultcontrol always="true">1</defaultcontrol>
	
	<controls>
		<visible>Player.HasAudio</visible>
		<control type="group">
			<bottom>159</bottom>
			<height>260</height>
			<control type="image">
				<top>0</top>
				<left>410</left>
				<width>1515</width>
				<height>245</height>
				<texture colordiffuse="80FFFFFF">dialogs/dialog-bg-nobo.png</texture>
			</control>
			
			<control type="image">
				<top>0</top>
				<left>435</left>
				<width>60</width>
				<height>60</height>
				<texture>DefaultArtist.png</texture>
			</control>
			<control type="label">
				<top>0</top>
				<left>495</left>
				<height>290</height>
				<width>1000</width>
				<font>font45</font>
				<label>[B][COLOR button_focus]$INFO[MusicPlayer.Artist,][/COLOR][/B]</label>
				<shadowcolor>black</shadowcolor>
				<autoscroll delay="5000" repeat="7500" time="5000"></autoscroll>
				<visible>Player.HasAudio + Window.IsVisible(MusicVisualisation.xml) + !Pvr.IsPlayingRadio + !Player.IsInternetStream</visible>	
			</control>
			
			
			
			<control type="label">
				<top>0</top>
				<right>30</right>
				<align>right</align>
				<height>40</height>
				<font>font12</font>
				<label>[COLOR white]$INFO[MusicPlayer.Property(Artist_Formed,[COLOR button_focus]Formed: [/COLOR]][COLOR white]$INFO[MusicPlayer.Property(Artist_Born,[COLOR button_focus]Born: [/COLOR]][/COLOR][COLOR white]$INFO[MusicPlayer.Property(Artist_Died,[COLOR button_focus] Died: [/COLOR]][/COLOR]</label>
				<visible>Player.HasAudio + Window.IsVisible(MusicVisualisation.xml) + !Pvr.IsPlayingRadio + !Player.IsInternetStream</visible>
			</control>
			<control type="label">
				<top>35</top>
				<right>30</right>
				<align>right</align>
				<height>40</height>
				<font>font12</font>
				<label>[COLOR white]$INFO[MusicPlayer.Property(Artist_YearsActive,[COLOR button_focus]Years Active: [/COLOR]][COLOR white]$INFO[MusicPlayer.Property(Artist_Disbanded,[COLOR button_focus] Disbanded: [/COLOR]][/COLOR]</label> 
				<visible>Player.HasAudio + Window.IsVisible(MusicVisualisation.xml) + !Pvr.IsPlayingRadio + !Player.IsInternetStream</visible>
			</control>
			<control type="textbox">
				<top>80</top>
				<left>440</left>
				<right>30</right>
				<height>165</height>
				<width>1460</width>
				
				<font>fontplot</font>
				<label>$INFO[MusicPlayer.Property(Artist_Description)]</label>
				<autoscroll delay="3000" time="5000" repeat="8000">true</autoscroll>
				<animation effect="slide" end="0,-45" time="50" tween="sine" easing="out" condition="PVR.IsTimeShift + !Player.ChannelPreviewActive">Conditional</animation>
				<visible>Player.HasAudio + Window.IsVisible(MusicVisualisation.xml) + !Pvr.IsPlayingRadio + !Player.IsInternetStream</visible>
			</control>
			
			<control type="button" id="800">
				<left>-10000</left>
				<width>10</width>
				<height>1</height>
				<onfocus>Action(Close)</onfocus>
				<onfocus>ActivateWindow(musicosd)</onfocus>
				<onfocus>SetFocus(698)</onfocus>
			</control>
			<control type="grouplist" id="9001">
				<orientation>horizontal</orientation>
				<left>400</left>
				<bottom>250</bottom>
				<width>1000</width>
				<height>100</height>
				<align>left</align>
				<orientation>horizontal</orientation>
				<itemgap>-20</itemgap>
				<onup>SetFocus(800)</onup>
				<ondown>SetFocus(800)</ondown>
				<usecontrolcoords>true</usecontrolcoords>
				<animation effect="slide" end="0,-45" time="50" tween="sine" easing="out" condition="PVR.IsTimeShift + !Player.ChannelPreviewActive + ![Skin.HasSetting(SmallOSDVideo) + Window.IsVisible(fullscreenvideo) + !Window.IsActive(fullscreeninfo)]">Conditional</animation>
				<animation effect="slide" end="0,-50" time="50" tween="sine" easing="out" condition="PVR.IsTimeShift + !Player.ChannelPreviewActive + [Skin.HasSetting(SmallOSDVideo) + Window.IsVisible(fullscreenvideo) + !Window.IsActive(fullscreeninfo)]">Conditional</animation>
				<animation effect="slide" end="-430,60" time="0" condition="[Skin.HasSetting(SmallOSDVideo) + Window.IsVisible(fullscreenvideo) + !Window.IsActive(fullscreeninfo)]">Conditional</animation>
				
				<control type="button" id="1">
					<width>auto</width>
					<height>100</height>
					<textoffsetx>35</textoffsetx>
					<label>Enlarge Bio</label> 
					<font>font25_title</font>
					<onclick>SetProperty(TextViewer_Header,Biography: $INFO[MusicPlayer.Artist,],home)</onclick>
					<onclick>SetProperty(TextViewer_Text,$ESCINFO[MusicPlayer.Property(Artist_Description)],home)</onclick>
					<onclick>ActivateWindow(1102)</onclick>
					<texturefocus border="40" colordiffuse="button_focus">buttons/dialogbutton-fo.png</texturefocus>
					<texturenofocus border="40">buttons/dialogbutton-nofo.png</texturenofocus>
				</control>
				<control type="button" id="2">
					<width>auto</width>
					<height>100</height>
					<textoffsetx>30</textoffsetx>
					<label>$LOCALIZE[15067]</label>
					<font>font25_title</font>
					<onclick>SetFocus(800)</onclick>
					<texturefocus border="40" colordiffuse="button_focus">buttons/dialogbutton-fo.png</texturefocus>
					<texturenofocus border="40">buttons/dialogbutton-nofo.png</texturenofocus>
				</control>
				
			</control>
		</control>
	</controls>
</window>