<?xml version="1.0" encoding="UTF-8"?>
<window>
	<depth>DepthOSD</depth>
	<defaultcontrol always="true">5550</defaultcontrol>
	<animation effect="fade" start="0" end="100" time="300">WindowOpen</animation> 
	<animation effect="fade" start="100" end="0" time="200">WindowClose</animation>
	<controls>
		<control type="group">
			<bottom>0</bottom>
			<height>470</height>
			<control type="image">
				<left>370</left>
				<width>1550</width>
				<height>316</height>
				<top>-20</top>
				<texture>dialogs/dialog-bg-nobo.png</texture> 
				<visible>!VideoPlayer.Content(livetv)</visible>
			</control>
			<control type="image">
				<left>370</left>
				<width>1550</width>
				<height>321</height>
				<top>-25</top>
				<texture>dialogs/dialog-bg-nobo.png</texture>
				<visible>VideoPlayer.Content(livetv) + Skin.HasSetting(Show_Channel_Name_On_OSD)</visible>
			</control>
			<control type="image">
				<left>0</left>
				<width>110%</width>
				<height>343</height>
				<top>-45</top>
				<texture>dialogs/dialog-bg-nobo.png</texture>
				<visible>VideoPlayer.Content(livetv) + !Skin.HasSetting(Show_Channel_Name_On_OSD)</visible>
			</control>
			<control type="image" id="9876"> 
				<left>42</left>
				<bottom>195</bottom>
				<width>315</width>
				<height>450</height>
				<texture fallback="DefaultPVRPoster.png">$VAR[PVR_Now_Playing_Poster_Var]</texture>  
				<visible>VideoPlayer.Content(livetv) + !Skin.HasSetting(Show_Channel_Name_On_OSD)</visible>
			</control>
			<control type="image" id="9878"> 
				<left>42</left>
				<bottom>195</bottom>
				<width>315</width>
				<height>450</height>
				<texture>$VAR[NowPlaying_PVRPoster_Local_Artwork_Var]</texture> 
				<visible>VideoPlayer.Content(livetv) + !Skin.HasSetting(Show_Channel_Name_On_OSD)</visible>
			</control>
			
			<control type="grouplist">
				<left>420</left>
				<top>-15</top>
				<visible>Control.HasFocus(5551)</visible>
				<control type="label">
					<width>1200</width>
					<height>50</height>
					<aligny>bottom</aligny>
					<label>$INFO[PVR.ActStreamServiceName,[COLOR button_focus]$LOCALIZE[19099]:[/COLOR] ]</label>
					<font>font14</font>
					<shadowcolor>black</shadowcolor>
				</control>
				<control type="label">
					<width>1200</width>
					<height>50</height>
					<aligny>bottom</aligny>
					<label>$INFO[PVR.ActStreamProviderName,[COLOR button_focus]$LOCALIZE[19101]:[/COLOR] ]</label>
					<font>font14</font>
					<shadowcolor>black</shadowcolor>
				</control>
				<control type="label">
					<width>1200</width>
					<height>50</height>
					<aligny>bottom</aligny>
					<label>$INFO[PVR.ActStreamClient,[COLOR button_focus]$LOCALIZE[19012]:[/COLOR] ]</label>
					<font>font14</font>
					<shadowcolor>black</shadowcolor>
				</control>
				<control type="label">
					<width>1200</width>
					<height>50</height>
					<aligny>bottom</aligny>
					<label>$INFO[PVR.ActStreamDevice,[COLOR button_focus]$LOCALIZE[19006]:[/COLOR] ]</label>
					<font>font14</font>
					<shadowcolor>black</shadowcolor>
				</control>
				<control type="label">
					<width>1200</width>
					<height>50</height>
					<aligny>bottom</aligny>
					<label>$INFO[PVR.ActStreamStatus,[COLOR button_focus]$LOCALIZE[19007]:[/COLOR] ]</label>
					<font>font14</font>
					<shadowcolor>black</shadowcolor>
				</control>
				<control type="label">
					<width>1200</width>
					<height>50</height>
					<aligny>bottom</aligny>
					<label>$INFO[PVR.ActStreamEncryptionName,[COLOR button_focus]$LOCALIZE[19015]:[/COLOR] ]</label>
					<font>font14</font>
					<shadowcolor>black</shadowcolor>
				</control>
			</control>
			<control type="grouplist">
				<left>1250</left>
				<top>-15</top>
				<visible>Control.HasFocus(5551)</visible>
				<usecontrolcoords>true</usecontrolcoords>
				<control type="label">
					<width>600</width>
					<height>50</height>
					<aligny>bottom</aligny>
					<label>$INFO[PVR.ActStreamBer,[COLOR button_focus]$LOCALIZE[19010]:[/COLOR] ]</label>
					<font>font14</font>
					<shadowcolor>black</shadowcolor>
				</control>
				<control type="label">
					<width>600</width>
					<height>50</height>
					<aligny>bottom</aligny>
					<label>$INFO[PVR.ActStreamUnc,[COLOR button_focus]$LOCALIZE[19011]:[/COLOR] ]</label>
					<font>font14</font>
					<shadowcolor>black</shadowcolor>
				</control>
				<control type="label">
					<width>600</width>
					<height>50</height>
					<aligny>bottom</aligny>
					<label>$INFO[PVR.ActStreamMux,[COLOR button_focus]$LOCALIZE[19100]:[/COLOR] ]</label>
					<font>font14</font>
					<shadowcolor>black</shadowcolor>
				</control>
				<control type="label">
					<width>600</width>
					<height>50</height>
					<aligny>bottom</aligny>
					<label>$INFO[PVR.ActStreamSignal,[COLOR button_focus]$LOCALIZE[19008]:[/COLOR] ]</label>
					<font>font14</font>
					<shadowcolor>black</shadowcolor>
				</control>
				<control type="progress">
					<top>5</top>
					<width>600</width>
					<height>18</height>
					<info>PVR.ActStreamProgrSignal</info>
				</control>
				<control type="label">
					<top>5</top>
					<width>1600</width>
					<height>50</height>
					<aligny>bottom</aligny>
					<label>$INFO[PVR.ActStreamSNR,[COLOR button_focus]$LOCALIZE[19009]:[/COLOR] ]</label>
					<font>font14</font>
					<shadowcolor>black</shadowcolor>
				</control>
				<control type="progress">
					<top>0</top>
					<width>600</width>
					<height>18</height>
					<info>PVR.ActStreamProgrSNR</info>
				</control>
			</control>
			<control type="grouplist">
				<left>420</left>
				<top>-15</top>
				<visible>Control.HasFocus(5552)</visible>
				<control type="label">
					<width>1600</width>
					<height>50</height>
					<aligny>bottom</aligny>
					<label>$INFO[Player.Process(videodecoder),[COLOR button_focus]$LOCALIZE[31139]:[/COLOR] ]$VAR[VideoHWDecoder, (,)]</label>
					<font>font14</font>
					<shadowcolor>black</shadowcolor>
					<visible>Player.HasVideo</visible>
				</control>
				<control type="label">
					<width>1600</width>
					<height>50</height>
					<aligny>bottom</aligny>
					<label>$INFO[Player.Process(pixformat),[COLOR button_focus]$LOCALIZE[31140]:[/COLOR] ]</label>
					<font>font14</font>
					<shadowcolor>black</shadowcolor>
					<visible>Player.HasVideo</visible>
				</control>
				<control type="label">
					<width>1600</width>
					<height>50</height>
					<aligny>bottom</aligny>
					<label>$INFO[Player.Process(deintmethod),[COLOR button_focus]$LOCALIZE[16038]:[/COLOR] ]</label>
					<font>font14</font>
					<shadowcolor>black</shadowcolor>
					<visible>Player.HasVideo</visible>
				</control>
				<control type="label">
					<width>1600</width>
					<height>50</height>
					<aligny>bottom</aligny>
					<label>$INFO[Player.Process(videowidth),[COLOR button_focus]$LOCALIZE[38031]:[/COLOR] ,x]$INFO[Player.Process(videoheight),, px]$INFO[Player.Process(videodar),$COMMA , AR]$INFO[Player.Process(videofps),$COMMA , FPS]</label>
					<font>font14</font>
					<shadowcolor>black</shadowcolor>
					<visible>Player.HasVideo</visible>
				</control>
				<control type="label">
					<width>1600</width>
					<height>50</height>
					<aligny>bottom</aligny>
					<label>[COLOR button_focus]$LOCALIZE[460]:[/COLOR] $INFO[Player.Process(audiochannels),,$COMMA ]$INFO[Player.Process(audiodecoder)]$INFO[Player.Process(audiobitspersample),$COMMA , bits]$INFO[Player.Process(audiosamplerate),$COMMA , Hz]</label>
					<font>font14</font>
					<shadowcolor>black</shadowcolor>
				</control>
				<control type="label">
					<width>1600</width>
					<height>50</height>
					<aligny>bottom</aligny>
					<label>$INFO[System.Memory(used.percent),[COLOR button_focus]$LOCALIZE[31030]:[/COLOR] ,       ]$INFO[System.CpuUsage,[COLOR button_focus]$LOCALIZE[13271][/COLOR] ]</label>
					<font>font14</font>
					<shadowcolor>black</shadowcolor>
				</control>
			</control>
			<control type="grouplist" id="5550">
				<right>15</right>
				<top>-135</top>
				<width>1000</width>
				<height>100</height>
				<align>right</align>
				<orientation>horizontal</orientation>
				<itemgap>-10</itemgap>
				<onup>Close</onup>
				<ondown>Close</ondown>
				<usecontrolcoords>true</usecontrolcoords>
				<control type="button" id="5551">
					<width>auto</width>
					<height>100</height>
					<textoffsetx>40</textoffsetx>
					<label>$LOCALIZE[31137]</label>
					<visible>VideoPlayer.Content(livetv)</visible>
				</control>
				<control type="button" id="5552">
					<width>auto</width>
					<height>100</height>
					<textoffsetx>40</textoffsetx>
					<label>$LOCALIZE[31138]</label>
				</control>
			</control>
		</control>
	</controls>
</window>
