<?xml version="1.0" encoding="UTF-8"?>
<window>
	<defaultcontrol always="true">9000</defaultcontrol>
	<onload>SetProperty(infobackground,$ESCINFO[ListItem.Art(fanart)],home)</onload>
	<onunload>ClearProperty(infobackground,home)</onunload>
	<controls>
		<control type="group">
			<centertop>50%</centertop>
			<height>1080</height>
			<centerleft>50%</centerleft>
			<width>1920</width>
			<animation effect="fade" start="100" end="0" time="200" tween="sine" condition="Window.IsVisible(script-script.extendedinfo-DialogVideoInfo.xml) | Window.IsVisible(script-script.extendedinfo-DialogInfo.xml) | Window.IsVisible(script-script.extendedinfo-VideoList.xml)">Conditional</animation>
			<control type="group">
				<top>150</top>
				<left>66</left>
				<include>OpenClose_Left</include>
				<control type="image">
					<top>-16</top>
					<left>-16</left>
					<width>566</width>
					<height>841</height>
					<texture>colors/black.png</texture>
					<bordertexture border="21">overlays/shadow.png</bordertexture>
					<bordersize>20</bordersize>
				</control>
				<control type="image" id="9876">
					<depth>DepthContentPopout</depth>
					<left>4</left>
					<top>4</top>
					<width>526</width>
					<height>801</height>
					<aspectratio>scale</aspectratio>
					<texture>$VAR[NowPVRPoster_Backend_Var]</texture>
				</control>
				<control type="image" id="9877">
					<depth>DepthContentPopout</depth>
					<left>4</left>
					<top>4</top>
					<width>526</width>
					<height>801</height>
					<aspectratio>scale</aspectratio>
					<texture fallback="DefaultPVRPoster.png" background="true">$VAR[NowPVRPoster_SkinHelper_Var]</texture>
					 <visible>String.IsEmpty(Control.GetLabel(9876))</visible>
				</control>
				<control type="image">
					<depth>DepthContentPopout</depth>
					<left>4</left>
					<top>4</top>
					<width>526</width>
					<height>801</height>
					<aspectratio>scale</aspectratio>
					<texture>$VAR[PVRPoster(ListItem-Title)Local_ArtworkVar]</texture>
				</control>
			</control>
			<control type="group">
				<include>OpenClose_Right</include>
				<left>620</left>
				<top>-30</top>
				<control type="group" id="140">
					<top>468</top>
					<control type="button" id="138">
						<top>-40</top>
						<width>754</width>
						<height>460</height>
						<textoffsetx>40</textoffsetx>
						<textoffsety>20</textoffsety>
						<aligny>bottom</aligny>
						<label></label>
						<onclick condition="!String.IsEmpty(ListItem.Plot)">SetProperty(TextViewer_Header,$LOCALIZE[207],home)</onclick>
						<onclick condition="!String.IsEmpty(ListItem.Plot)">SetProperty(TextViewer_Text,$ESCINFO[ListItem.Plot],home)</onclick>
						<onclick condition="!String.IsEmpty(ListItem.Plot)">ActivateWindow(1102)</onclick>
						<onleft>4000</onleft>
						<onright>4000</onright>
						<onup>9000</onup>
						<ondown>9000</ondown>
						<texturenofocus border="21">dialogs/dialog-bg.png</texturenofocus>
						<visible>Integer.IsGreater(Container(4000).NumItems,0)</visible>
					</control>
					<control type="image">
						<top>-40</top>
						<left>735</left>
						<width>512</width>
						<height>460</height>
						<aligny>bottom</aligny>
						<texture border="21">dialogs/dialog-bg.png</texture>
						<visible>Integer.IsGreater(Container(4000).NumItems,0)</visible>
					</control>
					<control type="button" id="139">
						<top>-40</top>
						<width>1245</width>
						<height>460</height>
						<textoffsetx>40</textoffsetx>
						<textoffsety>20</textoffsety>
						<aligny>bottom</aligny>
						<label></label>
						<onclick condition="!String.IsEmpty(ListItem.Plot)">SetProperty(TextViewer_Header,$LOCALIZE[207],home)</onclick>
						<onclick condition="!String.IsEmpty(ListItem.Plot)">SetProperty(TextViewer_Text,$ESCINFO[ListItem.Plot],home)</onclick>
						<onclick condition="!String.IsEmpty(ListItem.Plot)">ActivateWindow(1102)</onclick>
						<onup>50</onup>
						<onleft>139</onleft>
						<onright>139</onright>
						<ondown>9000</ondown>
						<texturenofocus border="21">dialogs/dialog-bg.png</texturenofocus>
						<visible>!Integer.IsGreater(Container(4000).NumItems,0)</visible>
					</control>
					
				</control>
				<control type="textbox">
						<left>40</left>
						<top>610</top>
						<width>670</width>
						<height>245</height>
						<align>center</align>
						<label fallback="19055">$INFO[ListItem.Plot]</label>
						<autoscroll delay="10000" time="5000" repeat="10000">Skin.HasSetting(AutoScroll)</autoscroll>
						<visible>Integer.IsGreater(Container(4000).NumItems,0)</visible>
					</control>
				<control type="textbox">
						<left>40</left>
						<top>455</top>
						<width>670</width>
						<height>363</height>
						<align>center</align>
						<label fallback="19055">[B][COLOR button_focus]$INFO[ListItem.ChannelName][/COLOR][/B][CR]$VAR[VideoInfoMainLabelVar][CR]$INFO[ListItem.StartTime,, - ]$INFO[ListItem.EndTime] Hrs[B]  •  [/B]$VAR[ItemDurationVar]</label>
						<autoscroll delay="10000" time="5000" repeat="10000">Skin.HasSetting(AutoScroll)</autoscroll>
						<visible>Integer.IsGreater(Container(4000).NumItems,0)</visible>
				</control>
				
				<control type="grouplist" id="4000">
					<orientation>vertical</orientation>
					<left>750</left>
					<top>500</top>
					<height>355</height>
					<itemgap>-8</itemgap>
					<ondown>9000</ondown>
					<onup>50</onup>
					<onright>140</onright>
					<onleft>140</onleft>
					<include content="InfoDialogMetadata">
						<param name="control_id" value="147" />
						<param name="label" value="[B][COLOR button_focus]$LOCALIZE[20339]: [/COLOR][/B]$INFO[Window(Home).Property(SkinHelper.ListItem.Director)]" />
						<param name="visible" value="!String.IsEmpty(Window(Home).Property(SkinHelper.ListItem.Director))" />
					</include>
					<include content="InfoDialogMetadata">
						<param name="control_id" value="148" />
						<param name="label" value="[B][COLOR button_focus]$LOCALIZE[20417]: [/COLOR][/B]$INFO[Window(Home).Property(SkinHelper.ListItem.Writer)]" />
						<param name="visible" value="!String.IsEmpty(Window(Home).Property(SkinHelper.ListItem.Writer))" />
					</include>
					<include content="InfoDialogMetadata">
						<param name="control_id" value="149" />
						<param name="label" value="[B][COLOR button_focus]$LOCALIZE[515]: [/COLOR][/B]$INFO[ListItem.Genre]" />
					</include>
					<include content="InfoDialogMetadata">
						<param name="control_id" value="150" />
						<param name="label" value="[B][COLOR button_focus]Premiered: [/COLOR][/B]$INFO[Window(Home).Property(SkinHelper.ListItem.Premiered)]" />
						<param name="visible" value="!String.IsEmpty(Window(Home).Property(SkinHelper.ListItem.Premiered))" />
					</include>
					<include content="InfoDialogMetadata">
						<param name="control_id" value="151" />
						<param name="label" value="[B][COLOR button_focus]$LOCALIZE[126]: [/COLOR][/B]$INFO[Window(Home).Property(SkinHelper.ListItem.Status]" />
						<param name="visible" value="!String.IsEmpty(Window(Home).Property(SkinHelper.ListItem.Status))" />
					</include>
					<include content="InfoDialogMetadata">
						<param name="control_id" value="152" />
						<param name="label" value="[B][COLOR button_focus]$LOCALIZE[29909]: [/COLOR][/B]$INFO[Window(Home).Property(SkinHelper.ListItem.Studio]" />
						<param name="visible" value="!String.IsEmpty(Window(Home).Property(SkinHelper.ListItem.Studio))" />
					</include>
					<include content="InfoDialogMetadata">
						<param name="control_id" value="153" />
						<param name="label" value="[B][COLOR button_focus]$LOCALIZE[21875]: [/COLOR][/B]$INFO[Window(Home).Property(SkinHelper.ListItem.Country]" />
						<param name="visible" value="!String.IsEmpty(Window(Home).Property(SkinHelper.ListItem.Country))" />
					</include>
					<include content="InfoDialogMetadata">
						<param name="control_id" value="155" />
						<param name="label" value="[B][COLOR button_focus]$LOCALIZE[31017]: [/COLOR][/B]$INFO[Window(Home).Property(SkinHelper.ListItem.MPAA]" />
						<param name="visible" value="!String.IsEmpty(Window(Home).Property(SkinHelper.ListItem.MPAA))" />
					</include>
				</control>
				<control type="group">
						<top>455</top>
						<width>631</width>
						<height>142</height>
						<left>765</left>
						<aligny>center</aligny>
							<control type="image">
								<width>150</width>
								<height>50</height>
								<aspectratio>keep</aspectratio>
								<texture>ratings/imdb/imdb.png</texture>>
							</control>
							<control type="image">
								<top>5</top>
								<left>85</left>
								<width>120</width>
								<height>35</height>
								<texture fallback="ratings/imdb/0.0.png" colordiffuse="yellow">$INFO[Window(Home).Property(SkinHelper.ListItem.Rating),ratings/imdb/,.png]</texture>
								
							</control>
							<control type="image">
								<left>220</left>
								<top>5</top>
								<width>37</width>
								<height>37</height>
								<texture fallback="ratings/tmdb/0.0.png">$INFO[Window(Home).Property(SkinHelper.ListItem.Rating),ratings/tmdb/,.png]</texture>
							</control>
							<control type="label">
								<left>270</left>
								<top>3</top>
								<width>200</width>
								<height>37</height>
								<font>font12</font>
								<label>$INFO[Window(Home).Property(SkinHelper.ListItem.Votes, Votes (,)]</label>
							</control>
				</control>
				
				<control type="group">
					<visible>Integer.IsEqual(Container(50).NumItems,0) + String.IsEmpty(ListItem.Art(tvshow.banner)) + String.IsEmpty(ListItem.Art(banner))</visible>
					<control type="image">
						<left>0</left>
						<top>164</top>
						<width>1235</width>
						<height>283</height>
						<texture border="21">dialogs/dialog-bg.png</texture>
					</control>
					<control type="label">
						<left>17</left>
						<top>260</top>
						<width>1210</width>
						<height>65</height>
						<align>center</align>
						<font>font52_title</font>
						<shadowcolor>text_shadow</shadowcolor>
						<label>$VAR[VideoInfoMainLabelVar]</label>
					</control>
					<control type="image" id="9878">
						<left>27</left>
						<top>164</top>
						<width>1180</width>
						<height>283</height>
						<fadetime>150</fadetime>
						<aspectratio>keep</aspectratio>
						<texture>$VAR[PVRBanner_Listitem_Local_Artwork_Var]</texture>
						<visible>Integer.IsEqual(Container(50).NumItems,0)</visible>
					</control>
					<control type="image" id="9879">
						<left>27</left>
						<top>164</top>
						<width>1180</width>
						<height>283</height>
						<fadetime>150</fadetime>
						<aspectratio>keep</aspectratio>
						<texture>$VAR[PVRBanner_ListItem_SkinHelper_Var]</texture>
						<visible>Integer.IsEqual(Container(50).NumItems,0)</visible>
						<visible>String.IsEmpty(Control.GetLabel(9876))</visible>
					</control>
				</control>
				
				<control type="grouplist" id="9000">
					<left>65</left>
					<top>865</top>
					<width>1100</width>
					<height>160</height>
					<itemgap>10</itemgap>
					<align>center</align>
					<orientation>horizontal</orientation>
					<defaultcontrol>5</defaultcontrol>
					<onleft>9000</onleft>
					<onright>9000</onright>
					<onup>140</onup>
					<ondown>140</ondown>
					<include content="InfoDialogButton">
						<param name="width" value="275" />
						<param name="id" value="5" />
						<param name="icon" value="icons/infodialogs/launch.png" />
						<param name="label" value="$LOCALIZE[19165]" />
						<param name="visible" value="Window.IsActive(PVRGuideInfo)" />
					</include>
					<include content="InfoDialogButton">
						<param name="width" value="275" />
						<param name="id" value="10" />
						<param name="icon" value="icons/infodialogs/cinema.png" />
						<param name="label" value="$LOCALIZE[19190]" />
						<param name="visible" value="Window.IsActive(PVRGuideInfo)" />
					</include>
					<include content="InfoDialogButton">
						<param name="width" value="275" />
						<param name="id" value="8" />
						<param name="icon" value="icons/infodialogs/play_record.png" />
						<param name="label" value="$LOCALIZE[19687]" />
						<param name="visible" value="Window.IsActive(PVRGuideInfo) | Window.IsActive(PVRRecordingInfo)" />
					</include>
					<include content="InfoDialogButton">
						<param name="width" value="275" />
						<param name="id" value="6" />
						<param name="icon" value="icons/infodialogs/record.png" />
						<param name="visible" value="Window.IsActive(PVRGuideInfo)" />
					</include>
					<include content="InfoDialogButton">
						<param name="width" value="275" />
						<param name="id" value="9" />
						<param name="icon" value="icons/infodialogs/timer.png" />
						<param name="label" value="$LOCALIZE[19061]" />
						<param name="visible" value="Window.IsActive(PVRGuideInfo)" />
					</include>
					<include content="InfoDialogButton">
						<param name="width" value="275" />
						<param name="id" value="11" />
						<param name="icon" value="icons/infodialogs/bell.png" />
						<param name="label" value="$LOCALIZE[826]" />
						<param name="visible" value="Window.IsActive(PVRGuideInfo)" />
					</include>
					<include content="InfoDialogButton">
						<param name="width" value="275" />
						<param name="id" value="4" />
						<param name="icon" value="icons/infodialogs/similar.png" />
						<param name="label" value="$LOCALIZE[19003]" />
						<param name="visible" value="Window.IsActive(PVRGuideInfo) | Window.IsActive(PVRRecordingInfo)" />
					</include>
				</control>
				<include content="LeftRightArrows">
					<param name="list_id" value="9000" />
					<param name="left_posx" value="5" />
					<param name="right_posx" value="1190" />
					<param name="posy" value="924" />
					<param name="visible" value="true" />
				</include>
			</control>
			
			
			
		</control>

		<include condition="Skin.HasSetting(touchmode)">TouchBackButton</include>
	</controls>
</window>
