<?xml version="1.0" encoding="UTF-8"?>
<window>
	<defaultcontrol always="true">11</defaultcontrol>
	<controls>
		<control type="group">
			<animation effect="fade" start="0" end="100" time="100">WindowOpen</animation>
			<animation effect="fade" start="100" end="0" time="100">WindowClose</animation>
			<animation effect="fade" start="100" end="75" time="0" condition="true">Conditional</animation>
			<visible>!Window.IsActive(fullscreenvideo)</visible>
			<include>ColoredBackgroundImages</include>
		</control>
		<control type="group">
			<depth>DepthOSD</depth>
			<animation effect="fade" start="100" end="0" time="200" tween="sine" condition="$EXP[infodialog_active]">Conditional</animation>
			<control type="group">
				<include>OpenClose_Left</include>
				<control type="image">
					<left>0</left>
					<bottom>0</bottom>
					<width>100%</width>
					<height>33.6%</height>
					<texture>dialogs/dialog-bg-nobo.png</texture>
				</control>
				<control type="fixedlist" id="11">
					<left>0</left>
					<height>33.5%</height>
					<width>1900</width>
					<bottom>0</bottom>
					<onleft>60</onleft>
					<onright>60</onright>
					<onup>11</onup>
					<ondown>11</ondown>
					<pagecontrol>60</pagecontrol>
					<scrolltime tween="cubic" easing="out">500</scrolltime>
					<movement>2</movement>
					<focusposition>2</focusposition>
					<itemlayout height="60" width="1900">
						<control type="label">
							<left>20</left>
							<width>150</width>
							<bottom>0</bottom>
							<aligny>center</aligny>
							<textcolor>grey</textcolor>
							<label>$INFO[ListItem.StartTime]</label>
						</control>
						<control type="label">
							<left>150</left>
							<width>610</width>
							<bottom>0</bottom>
							<align>right</align>
							<aligny>center</aligny>
							<label>$VAR[PVRListItemSubLabel]</label> 
						</control>
					</itemlayout>
					<focusedlayout height="60" width="1900">
						<control type="image">
							<left>0</left>
							<width>780</width>
							<bottom>-2</bottom>
							<texture colordiffuse="button_focus">lists/focus.png</texture>
							<visible>Control.HasFocus(11)</visible>
							<animation effect="fade" start="100" end="0" time="0">UnFocus</animation>
						</control>
						<control type="label">
							<left>20</left>
							<width>150</width>
							<bottom>-2</bottom>
							<aligny>center</aligny>
							<label>$INFO[ListItem.StartTime]</label>
						</control>
						<control type="label">
							<left>150</left>
							<width>610</width>
							<bottom>0</bottom>
							<align>right</align>
							<aligny>center</aligny>
							<label>$VAR[PVRListItemSubLabelFocused] $VAR[PVR_Movie_Year_VAR]</label> 
							<scroll>true</scroll>
						</control>
					</focusedlayout>
				</control>
					<control type="group">
							<visible>!String.IsEmpty(ListItem.Plot) + Control.HasFocus(11)</visible>
							<left>0</left>
							<height>33.5%</height>
							<width>1900</width>
							<bottom>0</bottom>
							<control type="image" id="9880"> 
								<depth>DepthOSD+</depth>
								<left>845</left>
								<bottom>5</bottom>
								<width>252</width>
								<height>350</height>
								<texture background="true">$VAR[NowPVRPoster_Backend_Var]</texture>
								<bordertexture border="21">overlays/shadow.png</bordertexture>
								<bordersize>20</bordersize>
								<include>OpenClose_Left</include>
								<visible>!Window.IsVisible(playerprocessinfo) + !Window.IsVisible(videobookmarks) + !Window.IsVisible(1122)</visible>
							</control>
							<control type="image" id="9881"> 
								<depth>DepthOSD+</depth>
								<left>845</left>
								<bottom>5</bottom>
								<width>252</width>
								<height>350</height>
								<bordertexture border="21">overlays/shadow.png</bordertexture>
								<bordersize>20</bordersize>
								<texture fallback="DefaultPVRPoster.png" background="true">$VAR[NowPVRPoster_SkinHelper_Var]</texture>
								<include>OpenClose_Left</include>
								<visible>String.IsEmpty(Control.GetLabel(9880))</visible>
								<visible>!Window.IsVisible(playerprocessinfo) + !Window.IsVisible(videobookmarks) + !Window.IsVisible(1122)</visible>
							</control>
							<control type="image"> 
								<depth>DepthOSD+</depth>
								<left>845</left>
								<bottom>5</bottom>
								<width>252</width>
								<height>350</height>
								<texture background="true">$VAR[NowPVRPoster_Local_Artwork_Var]</texture>
								<bordertexture border="21">overlays/shadow.png</bordertexture>
								<bordersize>20</bordersize>
								<include>OpenClose_Left</include>
								<visible>!Window.IsVisible(playerprocessinfo) + !Window.IsVisible(videobookmarks) + !Window.IsVisible(1122)</visible>
							</control>
							
							<control type="label">
								<left>1115</left>
								<bottom>230</bottom>
								<width>760</width>
								<height>100</height>
								<font>font27</font>
								<align>center</align>
								<textcolor>80FFFFFF</textcolor>
								<label>[B][COLOR button_focus]$INFO[ListItem.Season,[COLOR 80FFFFFF]S[/COLOR]][/COLOR][COLOR button_focus]$INFO[ListItem.Episode,[COLOR 80FFFFFF]xE[/COLOR]][/COLOR][COLOR 80FFFFFF] $INFO[ListItem.EpisodeName,(,)][/COLOR][/B]</label>
								<scroll>true</scroll>
								
							</control>
							<control type="label">
								<left>1115</left>
								<bottom>230</bottom>
								<width>760</width>
								<height>100</height>
								<font>font27</font>
								<align>center</align>
								<textcolor>80FFFFFF</textcolor>
								<label>[B]$INFO[ListItem.Genre][/B]</label>
								<scroll>true</scroll>
								<visible>String.StartsWith(ListItem.Genre,Movie) | String.StartsWith(ListItem.Genre,Film)</visible>
							</control>
							<control type="textbox">
								<left>1115</left>
								<bottom>40</bottom>
								<width>760</width>
								<height>255</height>
								<align>center</align>
								<label>$INFO[ListItem.Plot]</label>
								<autoscroll time="3000" delay="4000" repeat="5000">Skin.HasSetting(AutoScroll)</autoscroll>
							</control>
					</control>
				<control type="scrollbar" id="60">
					<left>790</left>
					<bottom>5</bottom>
					<width>20</width>
					<height>33%</height>
					<texturesliderbackground colordiffuse="22FFFFFF">colors/white.png</texturesliderbackground>
					<onleft>11</onleft>
					<onright>11</onright>
					<texturesliderbackground />
					<animation effect="zoom" start="100,100" end="50,100" center="780,0" time="300" tween="sine" easing="inout" condition="!Control.HasFocus(60)">conditional</animation>
					<orientation>vertical</orientation>
				</control>
			</control>
			<control type="image">
				<left>0</left>
				<bottom>0</bottom>
				<width>100%</width>
				<height>115</height>
				<texture flipy="true">frame/InfoBar.png</texture>
			</control>
			<control type="group">
					<include>Animation_TopSlide</include>
					<left>20</left>
					<right>400</right>
					<control type="image">
						<top>20</top>
						<width>85</width>
						<height>85</height>
						<aspectratio aligny="center">keep</aspectratio> 
						<texture fallback="DefaultTVShows.png">$INFO[Player.Art(icon)]</texture>
					</control>
					<control type="label">
						<label>$VAR[LiveTV_OSD_Channel_Guide_SubLabelVar]</label>
						<font>font45</font>
						<shadowcolor>text_shadow</shadowcolor>
						<left>100</left>
						<top>7</top>
						<height>50</height>
					</control>
					<control type="image">
						<left>90</left>
						<top>51</top>
						<width>70</width>
						<height>60</height>
						<texture>DefaultPVRGuide.png</texture>
						<visible>false</visible>
					</control>
					<control type="label">
						<left>100</left>
						<top>60</top>
						<label>$INFO[Container(11).ListItem.StartDate]</label>
						<shadowcolor>text_shadow</shadowcolor>
						<height>60</height>
					</control>
				</control>
			<control type="group">
				<include>Animation_TopSlide</include>
				<control type="image">
					<left>0</left>
					<width>780</width>
					<height>110</height>
					<texture>frame/InfoBar.png</texture>
				</control>
				<control type="label" id="2">
					<description>header label</description>
					<textoffsetx>40</textoffsetx>
					<width>1300</width>
					<height>70</height>
					<font>font45</font>
					<aligny>center</aligny>
					<label>$LOCALIZE[19069]$INFO[Container(11).ListItem.StartDate, - ]</label>
					<shadowcolor>black</shadowcolor>
				</control>
				<visible>false</visible>
			</control>
		</control>
	</controls>
</window>
