<?xml version="1.0" encoding="UTF-8"?>
<window>
	<visible>Player.Seeking | Player.DisplayAfterSeek | [Player.Paused + !Player.Caching] | Player.Forwarding | Player.Rewinding | Player.ShowInfo | Window.IsActive(fullscreeninfo) | Player.ShowTime | Window.IsActive(videoosd) | Window.IsActive(musicosd) | Window.IsActive(playerprocessinfo) | !String.IsEmpty(Player.SeekNumeric) | !String.IsEmpty(PVR.ChannelNumberInput)</visible>
	<visible>![Window.IsActive(sliderdialog) | Window.IsActive(pvrosdchannels) | Window.IsActive(pvrchannelguide) | Window.IsActive(pvrguideinfo) | Window.IsActive(1110)]</visible>
	<visible>Window.IsActive(fullscreenvideo) | Window.IsActive(visualisation)</visible>
	<include>Animation_BottomSlide</include>
	<depth>DepthOSD</depth>
	<zorder>0</zorder>
	<controls>
		<include>PVRChannelNumberInput</include>
		<control type="group">
			<animation effect="slide" start="0,200" end="0,0" time="300" tween="cubic" easing="out">VisibleChange</animation>
			<visible>Player.ShowInfo | Window.IsActive(fullscreeninfo) | Player.ShowTime |  Window.IsActive(videoosd) | Window.IsActive(musicosd) | Window.IsActive(playerprocessinfo) | !String.IsEmpty(PVR.ChannelNumberInput) | Window.IsActive(pvrosdchannels) | Window.IsActive(pvrchannelguide) | ![!String.IsEmpty(Player.SeekNumeric) | Player.Seeking | Player.DisplayAfterSeek | Player.Forwarding | Player.Rewinding | Player.Paused]</visible>
			<visible>!Player.HasGame</visible>
			<bottom>0</bottom> 
			<height>180</height>
			<control type="image">
				<left>-40</left>
				<width>140%</width>
				<height>190</height>
				<texture flipy="true">osd/osdpanel_transparent.png</texture> 
				<colordiffuse>osdpanel</colordiffuse>
				<bordertexture colordiffuse="silver" border="8">osd/osdborder.png</bordertexture>
				<bordersize>9</bordersize>
				<visible>!Skin.HasSetting(osd_type)</visible>
			</control>
			<control type="image">
				<left>-40</left>
				<width>140%</width>
				<height>190</height>
				<texture flipy="true">osd/osdpanel_non-rounded_transparent.png</texture>
				<colordiffuse>black</colordiffuse>
				<bordertexture colordiffuse="silver" border="8">osd/osdborder.png</bordertexture>
				<bordersize>9</bordersize>
				<visible>Skin.HasSetting(osd_type)</visible>
			</control>
			<control type="group">
				<visible>!Window.IsVisible(videoosd) + !Window.IsVisible(musicosd)</visible>
				<animation effect="fade" time="200">VisibleChange</animation>
				<control type="grouplist">
					<visible>[PVR.IsRecordingPlayingChannel + !Player.ChannelPreviewActive] | PVR.IsPlayingActiveRecording</visible>
					<left>420</left>
					<centertop>130</centertop>
					<height>60</height>
					<align>left</align>
					<orientation>horizontal</orientation>
					<itemgap>0</itemgap>
					<control type="image">
						<top>100</top>
						<left>25</left>
						<width>60</width>
						<height>60</height>
						<aligny>center</aligny>
						<texture>osd/fullscreen/buttons/record.png</texture>
					</control>
					<control type="label">
						<top>110</top>
						<left>135</left>
						<width>400</width>
						<height>60</height>
						<aligny>center</aligny>
						<font>font25_title</font>
						<label>[COLOR red][B]$LOCALIZE[19158][/B][/COLOR]</label>
					</control>
					<visible>false</visible>
				</control>
				<control type="group">
					<visible>Pvr.IsPlayingRecording + !MusicPlayer.Content(livetv)</visible>
					<control type="image">
						<bottom>20</bottom>
						<left>400</left>
						<width>75</width>
						<height>75</height>
						<aligny>center</aligny>
						<texture>osd/fullscreen/buttons/WatchingRecording.png</texture>
					</control>
					<control type="label">
						<bottom>25</bottom>
						<left>480</left>
						<width>400</width>
						<height>60</height>
						<aligny>center</aligny>
						<font>font25_title</font>
						<label>[COLOR limegreen][B]Watching Recording[/B][/COLOR]</label>
					</control>
					<visible>false</visible>
				</control>
				<control type="group">
					<visible>Pvr.IsPlayingRecording + MusicPlayer.Content(livetv)</visible>
					<control type="image">
						<bottom>20</bottom>
						<left>400</left>
						<width>75</width>
						<height>75</height>
						<aligny>center</aligny>
						<texture>osd/fullscreen/buttons/WatchingRecording.png</texture>
					</control>
					<control type="label">
						<bottom>25</bottom>
						<left>480</left>
						<width>400</width>
						<height>60</height>
						<aligny>center</aligny>
						<font>font25_title</font>
						<label>[COLOR limegreen][B]Listening to Recording[/B][/COLOR]</label>
					</control>
					<visible>false</visible>
				</control> 
				<control type="grouplist">
					<right>20</right>
					<centertop>125</centertop>
					<width>800</width>
					<height>50</height>
					<align>right</align>
					<include>Animation_BottomSlide</include>
					<orientation>horizontal</orientation>
					<itemgap>10</itemgap>
					<visible>[Player.ShowInfo | Window.IsActive(fullscreeninfo)] + !Player.ChannelPreviewActive + Window.IsActive(fullscreenvideo)</visible>
					<animation effect="fade" start="0" end="100" time="200" delay="1000">Visible</animation>
					<include content="MediaFlag">
					<param name="texture" value="$INFO[VideoPlayer.VideoResolution,flags/videoresolution/,.png]" />
					</include>
					<include content="MediaFlag">
						<param name="texture" value="$INFO[VideoPlayer.AudioChannels,flags/audiochannel/,.png]" />
					</include>
					<include content="MediaFlag">
						<param name="texture" value="$INFO[VideoPlayer.VideoAspect,flags/aspectratio/,.png]" />
					</include>
					<include content="MediaFlag">
					<param name="texture" value="$INFO[VideoPlayer.VideoCodec,flags/videocodec/,.png]" />
					</include>
					<include content="MediaFlag">
						<param name="texture" value="$INFO[VideoPlayer.AudioCodec,flags/audiocodec/,.png]" />
					</include>
				</control>
				<control type="grouplist">
					<right>20</right>
					<centertop>125</centertop>
					<width>800</width>
					<height>50</height>
					<align>right</align>
					<include>Animation_BottomSlide</include>
					<orientation>horizontal</orientation>
					<itemgap>10</itemgap>
					<visible>Player.ShowInfo + !Player.ChannelPreviewActive + Window.IsActive(visualisation)</visible>
					<animation effect="fade" start="0" end="100" time="200" delay="1000">Visible</animation>
					<include content="MediaFlag">
						<param name="texture" value="flags/rds/rds.png" />
						<param name="visible" value="RDS.HasRDS" />
					</include>
					<include content="MediaFlag">
						<param name="texture" value="$INFO[MusicPlayer.Codec,flags/audiocodec/,.png]" />
					</include>
					<include content="MediaFlag">
						<param name="texture" value="$INFO[MusicPlayer.Channels,flags/audiochannel/,.png]" />
					</include>
					<control type="group">
						<visible>!String.IsEmpty(MusicPlayer.BitRate)</visible>
						<width>125</width>
						<control type="label">
							<top>-8</top>
							<left>10</left>
							<width>120</width>
							<height>60</height>
							<align>center</align>
							<aligny>center</aligny>
							<label>$INFO[MusicPlayer.BitRate]</label>
							<font>font_flag</font>
						</control>
						<include content="MediaFlag">
							<param name="texture" value="flags/cadre/bitrate.png" />
						</include>
					</control>
					<control type="group">
						<visible>!String.IsEmpty(MusicPlayer.SampleRate)</visible>
						<width>125</width>
						<control type="label">
							<top>-8</top>
							<left>10</left>
							<width>120</width>
							<height>60</height>
							<align>center</align>
							<aligny>center</aligny>
							<label>$INFO[MusicPlayer.SampleRate]</label>
							<font>font_flag</font>
						</control>
						<include content="MediaFlag">
							<param name="texture" value="flags/Hertz/hz.png" />
						</include>
					</control>
					<control type="group">
						<visible>!String.IsEmpty(MusicPlayer.BitsPerSample)</visible>
						<width>115</width>
						<control type="label">
							<left>10</left>
							<width>115</width>
							<height>60</height>
							<align>center</align>
							<aligny>center</aligny>
							<label> $INFO[MusicPlayer.BitsPerSample, ,bit]</label>
							<font>font_flag</font>
						</control>
						<include content="MediaFlag">
							<param name="texture" value="flags/bits/bits.png" />bits
						</include>
					</control>
				</control>
			</control>
			<control type="label">
				<top>15</top>
				<left>420</left>
				<width>400</width>
				<height>50</height>
				<align>left</align>
				<aligny>center</aligny>
				<font>font12</font>
				<shadowcolor>black</shadowcolor>
				<wrapmultiline>true</wrapmultiline>
				<animation effect="fade" time="200">VisibleChange</animation>
				<label>$VAR[NowPlayingElapsedTimeVar]</label> 
				<visible>!VideoPlayer.Content(LiveTV)</visible>
			</control>
			<control type="label">
				<top>40</top>
				<left>420</left>
				<width>400</width>
				<height>50</height>
				<align>left</align>
				<aligny>center</aligny>
				<font>font12</font>
				<shadowcolor>black</shadowcolor>
				<wrapmultiline>true</wrapmultiline>
				<animation effect="fade" time="200">VisibleChange</animation>
				<label>[COLOR button_focus]$LOCALIZE[31171][/COLOR]</label>
				<visible>!VideoPlayer.Content(LiveTV)</visible>
			</control>
			<control type="label">
				<centerleft>50%</centerleft>
				<centertop>125</centertop>
				<width>50%</width>
				<height>60</height>
				<align>center</align>
				<aligny>top</aligny>
				<label>$VAR[SeekTimeLabelVar]</label>
				<font>font45</font>
				<shadowcolor>black</shadowcolor>
				<visible>!Player.ChannelPreviewActive | VideoPlayer.HasEpg</visible>
				<visible>false</visible>
			</control>
			<control type="label" id="40000">
				<centerleft>60%</centerleft>
				<centertop>40</centertop> 
				<width>50%</width>
				<height>50</height>
				<align>center</align>
				<aligny>top</aligny>
				<label>$VAR[SeekLabel]</label>
				<font>font13</font>
				<shadowcolor>black</shadowcolor>
				<visible>!VideoPlayer.Content(LiveTV)</visible>
			</control>
			<control type="label" id="40000">
				<left>65</left>
				<centertop>160</centertop>
				<width>50%</width>
				<height>50</height>
				<align>center</align>
				<aligny>top</aligny>
				<label>$VAR[SeekLabel]</label>
				<font>font13</font>
				<shadowcolor>black</shadowcolor>
				<visible>VideoPlayer.Content(LiveTV)</visible>
				<visible>Skin.HasSetting(Show_Channel_Name_On_OSD)</visible>
			</control>
			<control type="label" id="40000">
				<left>65</left>
				<centertop>160</centertop>
				<width>50%</width>
				<height>50</height>
				<align>center</align>
				<aligny>top</aligny>
				<label>$VAR[LiveTV_SeekLabel]</label>
				<font>font13</font>
				<shadowcolor>black</shadowcolor>
				<visible>VideoPlayer.Content(LiveTV)</visible>
				<visible>!Skin.HasSetting(Show_Channel_Name_On_OSD)</visible>
			</control>
			<control type="label">
				<top>15</top>
				<right>45</right>
				<width>400</width>
				<height>50</height>
				<align>right</align>
				<aligny>center</aligny>
				<font>font12</font>
				<shadowcolor>black</shadowcolor>
				<wrapmultiline>true</wrapmultiline>
				<animation effect="fade" time="200">VisibleChange</animation>
				<label>$VAR[NowPlayingTimeRemainingVar]</label>
				<visible>!VideoPlayer.Content(LiveTV)</visible>
			</control>
			<control type="label">
				<top>40</top>
				<right>45</right>
				<width>400</width>
				<height>50</height>
				<align>right</align>
				<aligny>center</aligny>
				<font>font12</font>
				<shadowcolor>black</shadowcolor>
				<wrapmultiline>true</wrapmultiline>
				<animation effect="fade" time="200">VisibleChange</animation>
				<label>[COLOR button_focus]$LOCALIZE[31172][/COLOR]</label>
				<visible>!VideoPlayer.Content(LiveTV) + !String.IsEmpty(Player.TimeRemaining)</visible>
			</control>
		
		<!-- PVR Artwork for OSD -->
			<control type="image" id="9876"> 
				<left>30</left>
				<bottom>24</bottom>
				<width>340</width>
				<height>470</height>
				<texture fallback="DefaultPVRPoster.png">$VAR[PVR_Now_Playing_Poster_Var]</texture>  
				<visible>[Player.ShowInfo | Window.IsActive(videoosd) | Window.IsActive(fullscreeninfo)] + VideoPlayer.Content(LiveTV) + MusicPlayer.Content(livetv) + String.IsEmpty(Control.GetLabel(9878))</visible>
				<visible>Player.ShowInfo | Window.IsActive(fullscreeninfo) | !Player.Seeking | !Player.DisplayAfterSeek | !Player.Forwarding | !Player.Rewinding | !Player.Paused</visible>
				<visible>Skin.HasSetting(Show_Channel_Name_On_OSD) + !Skin.HasSetting(Display_Landscape_Format_Artwork_LiveTV)</visible>
			</control>
			
			<control type="image" id="9878"> 
				<left>30</left>
				<bottom>24</bottom>
				<width>340</width>
				<height>470</height>
				<texture>$VAR[NowPlaying_PVRPoster_Local_Artwork_Var]</texture> 
				<visible>[Player.ShowInfo | Window.IsActive(videoosd) | Window.IsActive(fullscreeninfo)] + VideoPlayer.Content(LiveTV) + MusicPlayer.Content(livetv)</visible>
				<visible>Player.ShowInfo | Window.IsActive(fullscreeninfo) | !Player.Seeking | !Player.DisplayAfterSeek | !Player.Forwarding | !Player.Rewinding | !Player.Paused</visible>
				<visible>Skin.HasSetting(Show_Channel_Name_On_OSD) + !Skin.HasSetting(Display_Landscape_Format_Artwork_LiveTV)</visible>
			</control>
			<control type="image" id="9876"> 
				<left>20</left>
				<bottom>20</bottom>
				<width>350</width>
				<height>475</height>
				<texture fallback="DefaultPVRPoster.png">$VAR[PVR_Now_Playing_Poster_Var]</texture>  
				<visible>[Player.ShowInfo | Window.IsActive(videoosd) | Window.IsActive(fullscreeninfo)] + VideoPlayer.Content(LiveTV) + MusicPlayer.Content(livetv) + String.IsEmpty(Control.GetLabel(9878))</visible>
				<visible>Player.ShowInfo | Window.IsActive(fullscreeninfo) | !Player.Seeking | !Player.DisplayAfterSeek | !Player.Forwarding | !Player.Rewinding | !Player.Paused</visible>
				<visible>Skin.HasSetting(Show_Channel_Name_On_OSD) + Skin.HasSetting(Display_Landscape_Format_Artwork_LiveTV)</visible>
			</control>
			
			<control type="image" id="9878"> 
				<left>20</left>
				<bottom>20</bottom>
				<width>350</width>
				<height>475</height>
				<texture>$VAR[NowPlaying_PVRPoster_Local_Artwork_Var]</texture> 
				<visible>[Player.ShowInfo | Window.IsActive(videoosd) | Window.IsActive(fullscreeninfo)] + VideoPlayer.Content(LiveTV) + MusicPlayer.Content(livetv)</visible>
				<visible>Player.ShowInfo | Window.IsActive(fullscreeninfo) | !Player.Seeking | !Player.DisplayAfterSeek | !Player.Forwarding | !Player.Rewinding | !Player.Paused</visible>
				<visible>Skin.HasSetting(Show_Channel_Name_On_OSD) + Skin.HasSetting(Display_Landscape_Format_Artwork_LiveTV)</visible>
			</control>
		<!-- PVR Channel Name Details on OSD -->
		<control type="group">
			<left>5</left>
			<width>415</width>
			<control type="image"> 
				<left>192</left>
				<bottom>122</bottom>
				<width>30</width>
				<height>20</height>
				<texture>icons/keyboard/arrowup.png</texture>  
				<visible>[Player.ShowInfo | Window.IsActive(videoosd) | Window.IsActive(fullscreeninfo)] + VideoPlayer.Content(LiveTV) + MusicPlayer.Content(livetv)</visible>
				<visible>Player.ShowInfo | Window.IsActive(fullscreeninfo) | !Player.Seeking | !Player.DisplayAfterSeek | !Player.Forwarding | !Player.Rewinding | !Player.Paused</visible>
				<visible>!Skin.HasSetting(Show_Channel_Name_On_OSD)</visible>
			</control>
			<control type="label">
				<align>center</align>
				<aligny>center</aligny>
				<bottom>78</bottom>
				<height>50</height>
				<font>font12</font>
				<label>[B]$VAR[LiveTV_OSDChannelNumberVar][/B]</label>
				<shadowcolor>text_shadow</shadowcolor>
				<scroll>true</scroll>
				<visible>[Player.ShowInfo | Window.IsActive(videoosd) | Window.IsActive(fullscreeninfo)] + VideoPlayer.Content(LiveTV) + MusicPlayer.Content(livetv)</visible>
				<visible>Player.ShowInfo | Window.IsActive(fullscreeninfo) | !Player.Seeking | !Player.DisplayAfterSeek | !Player.Forwarding | !Player.Rewinding | !Player.Paused</visible>
				<visible>!Skin.HasSetting(Show_Channel_Name_On_OSD)</visible>
			</control>
			<control type="label">
				<align>center</align>
				<aligny>center</aligny>
				<bottom>44</bottom>
				<height>56</height>
				<label>[B]$VAR[LiveTV_OSDChannelNameVar][/B]</label>
				<shadowcolor>text_shadow</shadowcolor>
				<scroll>true</scroll>
				<visible>[Player.ShowInfo | Window.IsActive(videoosd) | Window.IsActive(fullscreeninfo)] + VideoPlayer.Content(LiveTV) + MusicPlayer.Content(livetv)</visible>
				<visible>Player.ShowInfo | Window.IsActive(fullscreeninfo) | !Player.Seeking | !Player.DisplayAfterSeek | !Player.Forwarding | !Player.Rewinding | !Player.Paused</visible>
				<visible>!Skin.HasSetting(Show_Channel_Name_On_OSD)</visible>
			</control>
			<control type="image"> 
				<left>192</left>
				<bottom>29</bottom>
				<width>30</width>
				<height>20</height>
				<texture>$VAR[LiveTv_OSD_Down_Arrow_when_Paused]</texture>   
				<visible>[Player.ShowInfo | Window.IsActive(videoosd) | Window.IsActive(fullscreeninfo)] + VideoPlayer.Content(LiveTV) + MusicPlayer.Content(livetv)</visible>
				<visible>Player.ShowInfo | Window.IsActive(fullscreeninfo) | !Player.Seeking | !Player.DisplayAfterSeek | !Player.Forwarding | !Player.Rewinding</visible>
				<visible>!Skin.HasSetting(Show_Channel_Name_On_OSD)</visible>
			</control>
			<control type="label" id="40000">
				<left>158</left>
				<aligny>center</aligny>
				<bottom>12</bottom>
				<height>60</height>
				<label>$VAR[LiveTv_Pause]</label>
				<textcolor>red</textcolor>
				<font>[B]font13[/B]</font>
				<shadowcolor>black</shadowcolor>
				<visible>VideoPlayer.Content(LiveTV)</visible>
				<visible>!Skin.HasSetting(Show_Channel_Name_On_OSD)</visible>
				
			</control>
			<control type="image" id="40000">
				<left>145</left>
				<aligny>center</aligny>
				<bottom>30</bottom>
				<width>100</width>
				<height>30</height>
				<texture colordiffuse="FFee4b2b">$VAR[LiveTv_Pause_image]</texture>
				<textcolor>red</textcolor>
				<font>font13</font>
				<shadowcolor>black</shadowcolor>
				<visible>VideoPlayer.Content(LiveTV)</visible>
				<visible>!Skin.HasSetting(Show_Channel_Name_On_OSD)</visible>
				<visible>false</visible>
			</control>
			<control type="image"> 
				<left>73</left>
				<aligny>center</aligny>
				<bottom>9</bottom>
				<height>65</height>
				<width>100</width>
				<texture>$VAR[LiveTv_OSD_Left_Direction_Arrow_when_Paused]</texture>   
				<visible>[Player.ShowInfo | Window.IsActive(videoosd) | Window.IsActive(fullscreeninfo)] + VideoPlayer.Content(LiveTV) + MusicPlayer.Content(livetv)</visible>
				<visible>Player.ShowInfo | Window.IsActive(fullscreeninfo) | !Player.Seeking | !Player.DisplayAfterSeek | !Player.Forwarding | !Player.Rewinding</visible>
				<visible>!Skin.HasSetting(Show_Channel_Name_On_OSD)</visible>
			</control>
			<control type="image"> 
				<left>242</left>
				<aligny>center</aligny>
				<bottom>9</bottom>
				<height>65</height>
				<width>100</width>
				<texture>$VAR[LiveTv_OSD_Right_Direction_Arrow_when_Paused]</texture>   
				<visible>[Player.ShowInfo | Window.IsActive(videoosd) | Window.IsActive(fullscreeninfo)] + VideoPlayer.Content(LiveTV) + MusicPlayer.Content(livetv)</visible>
				<visible>Player.ShowInfo | Window.IsActive(fullscreeninfo) | !Player.Seeking | !Player.DisplayAfterSeek | !Player.Forwarding | !Player.Rewinding</visible>
				<visible>!Skin.HasSetting(Show_Channel_Name_On_OSD)</visible>
			</control>
			<control type="image">
				<left>155</left>
				<bottom>90</bottom>
				<width>70</width>
				<height>70</height>
				<align>center</align>
				<aspectratio aligny="center">keep</aspectratio> 
				<texture fallback="DefaultTVShows.png">$INFO[Player.Art(icon)]</texture>
				<visible>[Player.ShowInfo | Window.IsActive(videoosd) | Window.IsActive(fullscreeninfo)] + VideoPlayer.Content(LiveTV) + MusicPlayer.Content(livetv)</visible>
				<visible>Player.ShowInfo | Window.IsActive(fullscreeninfo) | !Player.Seeking | !Player.DisplayAfterSeek | !Player.Forwarding | !Player.Rewinding | !Player.Paused</visible>
				<visible>!Skin.HasSetting(Show_Channel_Name_On_OSD)</visible>
				<visible>false</visible>
			</control>
		</control>	
		<!-- Start of PVR OSD -->
			<control type="image">
				<left>1160</left>
				<top>20</top>
				<width>720</width>
				<height>70</height>
				<texture colordiffuse="button_focus">windows/pvr/osd-genre/next_up.png</texture>
				<visible>VideoPlayer.Content(LiveTV)</visible>
				<visible>!Window.IsVisible(1122)</visible>
			</control>
			<control type="group">
				<visible>VideoPlayer.Content(LiveTV)</visible>
				<control type="group">
					<visible>!Player.ChannelPreviewActive | [Player.SeekEnabled + VideoPlayer.HasEPG]</visible>
					<include content="PVRProgress">
						<param name="ts_bar_top" value="96"/>
						<param name="epg_bar_top" value="20"/>
						<param name="ts_bar_height" value="5"/>
						<param name="epg_bar_height" value="70"/>
					</include>
				</control>
				<control type="group">
					<visible>Player.SeekEnabled + !VideoPlayer.HasEPG</visible>
					<include content="PVRProgress">
						<param name="ts_bar_top" value="96"/>
						<param name="ts_bar_height" value="4"/>
					</include>
				</control>
				<control type="group">
					<visible>!Player.SeekEnabled + VideoPlayer.HasEPG</visible>
					<include content="PVRProgress">
						<param name="epg_bar_top" value="96"/>
						<param name="epg_bar_height" value="5"/>
					</include>
				</control>
				<control type="group">
					<visible>!Player.SeekEnabled + !VideoPlayer.HasEPG</visible>
					<include content="PVRProgress"/>
				</control>
				<control type="slider" id="403">
					<left>427</left>
					<top>92</top>
					<width>720</width>
					<height>12</height>
					<texturesliderbar colordiffuse="00FFFFFF">osd/progress/nub_bar.png</texturesliderbar>
					<textureslidernib colordiffuse="red">osd/progress/nub_bar.png</textureslidernib>
					<textureslidernibfocus colordiffuse="button_focus">colors/white.png</textureslidernibfocus>
					<visible>Player.SeekEnabled + !Player.ChannelPreviewActive</visible>
				</control>
			</control>
			<control type="label">
				<left>430</left>
				<top>13</top>
				<width>715</width>
				<scroll>true</scroll>
				<font>font37</font>
				<label>[COLOR white70]$INFO[VideoPlayer.Title,Now: ] $VAR[PVR_Movie_Year_LiveTV_OSD_VAR][/COLOR]</label>
				<align>left</align>
				<shadowcolor>black</shadowcolor>
				<autoscroll delay="5000" repeat="7500" time="5000"></autoscroll>
				<visible>VideoPlayer.Content(LiveTV)</visible>
				<visible>!Window.IsVisible(1122)</visible>
			</control>
			<control type="label">
				<left>430</left>
				<bottom>32</bottom>
				<font>font12</font>
				<aligny>center</aligny>
				<label>[COLOR white70]$INFO[VideoPlayer.StartTime,, - ]$INFO[VideoPlayer.EndTime,,][/COLOR]</label>
				<shadowcolor>black</shadowcolor>
				<visible>VideoPlayer.Content(LiveTV)</visible>
				<visible>!Window.IsVisible(1122)</visible>
			</control>
			<control type="image">
				<left>1160</left>
				<top>20</top>
				<width>720</width>
				<height>70</height>
				<texture colordiffuse="button_focus">windows/pvr/osd-genre/next_up.png</texture>
				<visible>VideoPlayer.Content(LiveTV)</visible>
				<visible>!Window.IsVisible(1122)</visible>
			</control>
			<control type="label">
				<left>1165</left>
				<top>13</top>
				<width>715</width>
				<scroll>true</scroll>
				<font>font37</font>
				<label>[COLOR white70]$INFO[VideoPlayer.NextTitle,Next: ][/COLOR]</label>
				<align>left</align>
				<shadowcolor>black</shadowcolor>
				<autoscroll delay="5000" repeat="7500" time="5000"></autoscroll>
				<visible>VideoPlayer.Content(LiveTV)</visible>
				<visible>!Window.IsVisible(1122)</visible>
			</control>
			<control type="label">
				<left>1165</left>
				<bottom>32</bottom>
				<font>font12</font>
				<aligny>center</aligny>
				<label>[COLOR white70]$INFO[VideoPlayer.NextStartTime,, - ]$INFO[VideoPlayer.NextEndTime,,][/COLOR]</label>
				<shadowcolor>black</shadowcolor>
				<visible>VideoPlayer.Content(LiveTV)</visible>
				<visible>!Window.IsVisible(1122)</visible>
			</control>
		<!-- End of PVR OSD -->
		<!-- Video Artwork for OSD -->
			<control type="image">
				<left>30</left>
				<bottom>20</bottom>
				<width>340</width>
				<height>470</height>
				<texture fallback="DefaultVideo.png" background="true">$VAR[NowPlayingPosterVar]</texture>
				<bordertexture border="21">overlays/shadow.png</bordertexture>
				<visible>[Player.ShowInfo | Window.IsActive(videoosd) | Window.IsActive(fullscreeninfo)] + !VideoPlayer.Content(LiveTV) + !Player.HasAudio + !Window.IsVisible(1122) + !VideoPlayer.Content(musicvideos)</visible>
				<visible>Player.ShowInfo | Window.IsActive(fullscreeninfo) | !Player.Seeking | !Player.DisplayAfterSeek | !Player.Forwarding | !Player.Rewinding | !Player.Paused</visible>
			</control>
			<control type="image">
				<left>20</left>
				<bottom>37</bottom>
				<width>350</width>
				<height>595</height>
				<aspectratio aligny="bottom">keep</aspectratio>
				<texture fallback="DefaultVideo.png" background="true">$VAR[NowPlayingPosterVar]</texture>
				<bordertexture border="21">overlays/shadow.png</bordertexture>
				<visible>[Player.ShowInfo | Window.IsActive(videoosd) | Window.IsActive(fullscreeninfo)] + !VideoPlayer.Content(LiveTV) + !Player.HasAudio + !Window.IsVisible(1122) + VideoPlayer.Content(musicvideos)</visible>
				<visible>Player.ShowInfo | Window.IsActive(fullscreeninfo) | !Player.Seeking | !Player.DisplayAfterSeek | !Player.Forwarding | !Player.Rewinding | !Player.Paused</visible>
			</control>
			<!-- Fix is required for disabling clearart when default OSD is enabled - Done! -->
			<control type="image"> 
				<right>40</right>
				<bottom>175</bottom>
				<width>500</width>
				<height>281</height>
				<texture background="true">$VAR[PlayerClearArtVar]</texture> 
				<aspectratio align="center" aligny="bottom">keep</aspectratio>
				<visible>Skin.HasSetting(enable_clearart) + !Player.HasAudio + [VideoPlayer.Content(movies) | VideoPlayer.Content(episodes)] + ![VideoPlayer.Content(LiveTV) | Pvr.IsPlayingRadio]</visible>
			</control>
		<!-- Start of Video OSD -->
			<control type="group">
				<visible>!VideoPlayer.Content(LiveTV)</visible>
				<control type="progress">
					<left>420</left>
					<top>90</top>
					<width>76%</width>
					<height>7</height>
					<info>Player.ProgressCache</info>
					<texturebg border="3" colordiffuse="00FFFFFF">colors/white50.png</texturebg>
					<midtexture>colors/white50.png</midtexture>
				</control>
				<control type="progress">
					<left>420</left>
					<top>90</top>
					<width>76%</width>
					<height>7</height>
					<info>Player.Progress</info>
					<texturebg border="3" colordiffuse="60FFFFFF">colors/white50.png</texturebg>
					<midtexture colordiffuse="button_focus">colors/white.png</midtexture>
				</control>
				<control type="slider" id="401">
					<left>420</left>
					<top>85</top>
					<width>76%</width>
					<height>14</height>
					<texturesliderbar colordiffuse="00FFFFFF">osd/progress/nub_bar.png</texturesliderbar>
					<textureslidernib colordiffuse="button_focus">osd/progress/nub_bar.png</textureslidernib>
					<textureslidernibfocus colordiffuse="button_focus">colors/white.png</textureslidernibfocus>
					<visible>Player.SeekEnabled</visible>
				</control>
			</control>
			<control type="ranges">
				<left>420</left>
				<top>90</top>
				<width>76%</width>
				<height>9</height>
				<texturebg border="3" colordiffuse="00FFFFFF">colors/white50.png</texturebg>
				<lefttexture>colors/white.png</lefttexture>
				<midtexture colordiffuse="FFFF0000">colors/white.png</midtexture>
				<righttexture>colors/white.png</righttexture>
				<info>Player.Cutlist</info>
			</control>
			<control type="ranges">
				<left>420</left>
				<top>92</top>
				<width>76%</width>
				<height>5</height>
				<texturebg border="3" colordiffuse="00FFFFFF">colors/white50.png</texturebg>
				<righttexture>colors/white.png</righttexture>
				<info>Player.Chapters</info>
			</control>
			<control type="label">
				<left>425</left>
				<bottom>20</bottom>
				<width>200</width>
				<height>50</height>
				<font>font_flag</font>
				<wrapmultiline>true</wrapmultiline>
				<label>$LOCALIZE[21396]:[CR][COLOR button_focus]$INFO[player.chapter][/COLOR]$INFO[player.chaptercount, / ]</label>
				<visible>player.chaptercount</visible>
			</control>
		<!-- End of Video OSD -->
		<!-- CD Art and Fake CD Disc for Music -->	
			<control type="group">
					<left>33</left>
					<bottom>228</bottom>
					<width>345</width>
					<height>345</height> 
					<visible>Window.IsVisible(MusicVisualisation.xml) + !Skin.HasSetting(show_disc) + !Window.IsVisible(1139) + !Pvr.IsPlayingRadio + !string.Contains(Player.Folderpath,iplayerwww) + !Pvr.IsPlayingRecording</visible>
					<animation effect="rotate" end="-360" center="auto" time="4800" loop="true" reversible="false" condition="Player.Playing">Conditional</animation>
				<control type="image" id="88888">
					<left>0</left>
					<bottom>8</bottom>
					<width>345</width>
					<height>345</height>
					<aligny>top</aligny>
					<aspectratio align="left">keep</aspectratio>
					<fadetime>300</fadetime>
					<texture background="true" fallback="cd/cd2.png">$VAR[PlayerInfoDiscArtVar]</texture>
				</control>
				<control type="image">
					<left>60</left>
					<bottom>254</bottom>
					<width>185</width>
					<height>60</height>
					<align>center</align>
					<aligny>center</aligny>
					<font>Font-Disc</font>
					<texture>$INFO[Player.Art(artist.clearlogo)]</texture>
					<textcolor>white</textcolor>
					<wrapmultiline>true</wrapmultiline>
					<visible>String.IsEqual(Control.GetLabel(88888),cd/cd2.png)</visible>
					<visible>Player.HasAudio | Player.IsInternetStream</visible>
				</control>
				<control type="label">
					<left>60</left>
					<bottom>254</bottom>
					<width>185</width>
					<height>60</height>
					<align>center</align>
					<aligny>center</aligny>
					<font>Font-Disc</font>
					<label>$VAR[MusicPlayerDiscTitleVar]</label>
					<textcolor>white</textcolor>
					<wrapmultiline>true</wrapmultiline>
					<visible>String.IsEqual(Control.GetLabel(88888),cd/cd2.png)</visible>
					<visible>String.IsEmpty(Player.Art(artist.clearlogo))</visible>
				</control>
				<control type="label">
					<left>60</left>
					<bottom>59</bottom>
					<width>218</width>
					<height>33</height>
					<align>center</align>
					<aligny>center</aligny>
					<font>font10</font>
					<label>$VAR[MusicPlayerDiscAlbumVar]</label>
					<textcolor>white</textcolor>
					<wrapmultiline>true</wrapmultiline>
					<visible>String.IsEqual(Control.GetLabel(88888),cd/cd2.png)</visible>
				</control>
			</control>		
		<!-- Music Cover Art (Default album cover png removed as kept showing video items - This is a temp fix) -->	
			<control type="image">
				<left>10</left>
				<bottom>23</bottom>
				<include>Visible_Left</include>
				<visible>[Player.ShowInfo | Window.IsActive(musicosd)] + !MusicPlayer.Content(livetv) + !Pvr.IsPlayingRecording</visible>
				<width>400</width>
				<height>400</height>
				<fadetime>400</fadetime>
				<aspectratio aligny="bottom">keep</aspectratio>
				<texture>$VAR[MusicPlayerCoverVar]</texture>
				<bordertexture colordiffuse="border_alpha">colors/black.png</bordertexture>
				<bordersize>4</bordersize>
			</control>
		</control>
		<!-- OSD Info Panel for Live TV) -->
		<control type="group">
			<visible>!Window.IsVisible(playerprocessinfo)</visible>
			<visible>[Player.ShowInfo | Window.IsActive(fullscreeninfo)] + VideoPlayer.Content(LiveTV)</visible>
			<visible>Player.ShowInfo | Window.IsActive(fullscreeninfo) | !Player.Seeking | !Player.DisplayAfterSeek | !Player.Forwarding | !Player.Rewinding | !Player.Paused</visible>
			<animation effect="fade" start="0" end="100" time="300" delay="250">Visible</animation>
			<animation effect="fade" start="100" end="0" time="100">Hidden</animation>
			<animation effect="slide" end="0,-20" time="150" condition="VideoPlayer.Content(LiveTV)">conditional</animation>
			<bottom>0</bottom>
			<height>380</height>
			<control type="image">
				<left>370</left>
				<width>1550</width>
				<height>260</height>
				<top>-33</top>
				<texture>dialogs/dialog-bg-nobo.png</texture>
				<visible>!String.IsEmpty(VideoPlayer.Season) + Skin.HasSetting(Show_Channel_Name_On_OSD) + !Skin.HasSetting(Display_Landscape_Format_Artwork_LiveTV)</visible>
			</control>
			<control type="image">
				<left>370</left>
				<width>1550</width>
				<height>224</height>
				<top>3</top>
				<texture>dialogs/dialog-bg-nobo.png</texture>
				<visible>String.IsEmpty(VideoPlayer.Season) + Skin.HasSetting(Show_Channel_Name_On_OSD) + !Skin.HasSetting(Display_Landscape_Format_Artwork_LiveTV)</visible>
			</control>
			<control type="image">
				<left>370</left>
				<width>1550</width>
				<height>260</height>
				<top>-33</top>
				<texture>dialogs/dialog-bg-nobo.png</texture>
				<visible>!String.IsEmpty(VideoPlayer.Season) + Skin.HasSetting(Show_Channel_Name_On_OSD) + Skin.HasSetting(Display_Landscape_Format_Artwork_LiveTV)</visible>
			</control>
			<control type="image">
				<left>370</left>
				<width>1550</width>
				<height>224</height>
				<top>3</top>
				<texture>dialogs/dialog-bg-nobo.png</texture>
				<visible>String.IsEmpty(VideoPlayer.Season) + Skin.HasSetting(Show_Channel_Name_On_OSD) + Skin.HasSetting(Display_Landscape_Format_Artwork_LiveTV)</visible>
			</control>
			<control type="image">
				<left>0</left>
				<width>110%</width>
				<height>260</height>
				<top>-33</top>
				<texture>dialogs/dialog-bg-nobo.png</texture>
				<visible>!String.IsEmpty(VideoPlayer.Season) + !Skin.HasSetting(Show_Channel_Name_On_OSD)</visible>
			</control>
			<control type="image">
				<left>0</left>
				<width>110%</width>
				<height>224</height>
				<top>3</top>
				<texture>dialogs/dialog-bg-nobo.png</texture>
				<visible>String.IsEmpty(VideoPlayer.Season) + !Skin.HasSetting(Show_Channel_Name_On_OSD)</visible>
			</control>
			<control type="image" id="9876"> 
				<left>55</left>
				<bottom>175</bottom>
				<width>315</width>
				<height>440</height>
				<texture fallback="DefaultPVRPoster.png">$VAR[PVR_Now_Playing_Poster_Var]</texture>  
				<visible>!Skin.HasSetting(Show_Channel_Name_On_OSD) + !Skin.HasSetting(Display_Landscape_Format_Artwork_LiveTV)</visible> 
			</control>
			<control type="image" id="9878"> 
				<left>55</left>
				<bottom>175</bottom>
				<width>315</width>
				<height>440</height>
				<texture>$VAR[NowPlaying_PVRPoster_Local_Artwork_Var]</texture> 
				<visible>!Skin.HasSetting(Show_Channel_Name_On_OSD) + !Skin.HasSetting(Display_Landscape_Format_Artwork_LiveTV)</visible>
			</control>
			<control type="image" id="9876"> 
				<left>45</left>
				<bottom>165</bottom>
				<width>325</width>
				<height>200</height>
				<texture fallback="defaultpvrfanartformat.png">$VAR[PVR_Now_Playing_Poster_Var]</texture>  
				<visible>!Skin.HasSetting(Show_Channel_Name_On_OSD) + Skin.HasSetting(Display_Landscape_Format_Artwork_LiveTV)</visible> 
			</control>
			<control type="image" id="9878"> 
				<left>45</left>
				<bottom>165</bottom>
				<width>325</width>
				<height>200</height>
				<texture>$VAR[NowPlaying_PVRPoster_Local_Fanart_Format_Artwork_Var]</texture> 
				<visible>!Skin.HasSetting(Show_Channel_Name_On_OSD) + Skin.HasSetting(Display_Landscape_Format_Artwork_LiveTV)</visible>
			</control>
			<include>PVRInfoPanelFurniture</include>
			<control type="label">
				<left>405</left>
				<top>170</top>
				<height>25</height>
				<label>[COLOR grey]$LOCALIZE[14304]: [/COLOR]$INFO[RDS.GetLine(0)]</label>
				<visible>RDS.HasRadioText</visible>
			</control>
		</control>
		<!-- OSD Info Panel for Live TV Recordings) -->
		<control type="group">
			<visible>!Window.IsVisible(playerprocessinfo)</visible>
			<visible>[Player.ShowInfo | Window.IsActive(fullscreeninfo)] + Pvr.IsPlayingRecording</visible>
			<visible>Player.ShowInfo | Window.IsActive(fullscreeninfo) | !Player.Seeking | !Player.DisplayAfterSeek | !Player.Forwarding | !Player.Rewinding | !Player.Paused</visible>
			<animation effect="fade" start="0" end="100" time="300" delay="250">Visible</animation>
			<animation effect="fade" start="100" end="0" time="100">Hidden</animation>
			<animation effect="slide" end="0,-20" time="150" condition="Pvr.IsPlayingRecording">conditional</animation>
			<bottom>0</bottom>
			<height>380</height>
			<control type="image">
				<left>370</left>
				<width>1550</width>
				<height>260</height>
				<top>-33</top>
				<texture>dialogs/dialog-bg-nobo.png</texture>
				<visible>!String.IsEmpty(VideoPlayer.Season)</visible>
			</control>
			<control type="image">
				<left>370</left>
				<width>1550</width>
				<height>224</height>
				<top>2</top>
				<texture>dialogs/dialog-bg-nobo.png</texture>
				<visible>String.IsEmpty(VideoPlayer.Season)</visible>
			</control>
			<include>PVRInfoPanelFurniture</include>
			<control type="label">
				<left>405</left>
				<top>170</top>
				<height>25</height>
				<label>[COLOR grey]$LOCALIZE[14304]: [/COLOR]$INFO[RDS.GetLine(0)]</label>
				<visible>RDS.HasRadioText</visible>
			</control>
		</control>
		<!-- OSD Info Panel for Video) -->
		<control type="group">
			<visible>!Window.IsVisible(playerprocessinfo) + !Window.IsVisible(10125) + !Window.IsVisible(1122)</visible>
			<visible>[Player.ShowInfo | Window.IsActive(fullscreeninfo)] + !VideoPlayer.Content(LiveTV) + !Pvr.IsPlayingRecording + Window.IsActive(fullscreenvideo)</visible>
			<visible>Player.ShowInfo | Window.IsActive(fullscreeninfo) | !Player.Seeking | !Player.DisplayAfterSeek | !Player.Forwarding | !Player.Rewinding | !Player.Paused</visible>
			<animation effect="fade" start="0" end="100" time="300" delay="250">Visible</animation>
			<animation effect="fade" start="100" end="0" time="100">Hidden</animation>
			<bottom>0</bottom>
			<height>380</height>
			<control type="image">
				<left>370</left>
				<width>1550</width>
				<height>260</height>
				<top>-54</top>
				<texture>dialogs/dialog-bg-nobo.png</texture>
				<visible>!VideoPlayer.Content(musicvideos)</visible>
			</control>
			<control type="image">
				<top>-3</top>
				<left>370</left>
				<width>1550</width>
				<height>210</height>
				<texture>dialogs/dialog-bg-nobo.png</texture>
				<visible>VideoPlayer.Content(musicvideos)</visible>
			</control>
			
			VideoPlayer.Content(musicvideos)
			
			<include>VideoInfoPanelFurniture</include>
			<control type="group">
				<left>410</left>
				<top>140</top>
				<right>30</right>
				<height>130</height>
				<align>left</align>
				<orientation>vertical</orientation>
				<itemgap>10</itemgap>
				
				
				
				
				<control type="label">
					<height>50</height>
					<label>$VAR[OSDNextLabelVar]</label>
					<visible>Integer.IsGreater(Playlist.Length(video),1)</visible>
					<visible>false</visible>
				</control>
			</control>
		</control>
	</controls>
</window>
