<?xml version="1.0" encoding="utf-8"?>
<includes>
	<expression name="listitem_has_episode_info">!String.IsEmpty(ListItem.Episode) | !String.IsEmpty(ListItem.EpisodeName) | !String.IsEmpty(ListItem.Season)</expression>
	<expression name="listitem_has_epg_event_info">!String.IsEmpty(ListItem.EpgEventTitle) | $EXP[listitem_has_episode_info]</expression>
	<include name="PVRListItemLayout">
		<definition>
			<control type="label">
				<left>30</left>
				<top>0</top>
				<right>30</right>
				<font>font36_title</font>
				<aligny>center</aligny>
				<visible>$PARAM[only_label_condition]</visible>
				<label>$INFO[ListItem.Label]</label>
			</control>
			<control type="group">
				<visible>!$PARAM[only_label_condition]</visible>
				<animation effect="slide" start="0,0" end="0,16" time="0" condition="!$EXP[listitem_has_epg_event_info]">Conditional</animation>
				<control type="image">
					<left>29</left>
					<top>17</top>
					<width>32</width>
					<height>32</height>
					<aspectratio align="center">keep</aspectratio>
					<visible>$PARAM[has_info_icon]</visible>
					<texture>$PARAM[info_icon]</texture>
				</control>
				<control type="label">
					<left>10</left>
					<top>10</top>
					<width>90</width>
					<height>50</height>
					<align>center</align>
					<aligny>center</aligny>
					<font>font32_title</font>
					<visible>!$PARAM[has_info_icon]</visible>
					<label>$PARAM[label0]</label>
				</control>
				<control type="label">
					<left>105</left>
					<right>120</right>
					<top>10</top>
					<height>30</height>
					<aligny>top</aligny>
					<label>$PARAM[label1]</label>
				</control>
				<control type="label">
					<left>105</left>
					<right>120</right>
					<top>10</top>
					<height>30</height>
					<align>right</align>
					<aligny>top</aligny>
					<label>$PARAM[label2]</label>
				</control>
			</control>
			<control type="group">
				<visible>!$PARAM[only_label_condition]</visible>
				<control type="label">
					<left>105</left>
					<right>120</right>
					<top>53</top>
					<height>30</height>
					<font>font12</font>
					<aligny>top</aligny>
					<label>$PARAM[label3]</label>
				</control>
				<control type="label">
					<left>105</left>
					<right>120</right>
					<top>53</top>
					<height>30</height>
					<font>font12</font>
					<align>right</align>
					<aligny>top</aligny>
					<label>$PARAM[label4]</label>
				</control>
			</control>
			<control type="image">
				<right>110</right>
				<top>0</top>
				<width>32</width>
				<aligny>center</aligny>
				<aspectratio align="center">keep</aspectratio>
				<texture>$VAR[PVRStatusImageVar]</texture>
				<visible>$PARAM[has_status_icon]</visible>
			</control>
			<control type="image">
				<right>20</right>
				<top>0</top>
				<width>80</width>
				<aligny>center</aligny>
				<aspectratio align="center">keep</aspectratio>
				<visible>!$PARAM[only_label_condition] | ListItem.IsParentFolder</visible>
				<texture>$INFO[ListItem.ActualIcon]</texture>
			</control>
		</definition>
	</include>
	<include name="PVRListItemLayouts">
		<param name="only_label_condition">false</param>
		<param name="has_info_icon">false</param>
		<param name="has_status_icon">false</param>
		<definition>
			<itemlayout height="100">
				<control type="progress">
					<left>20</left>
					<top>66</top>
					<width>70</width>
					<height>12</height>
					<align>center</align>
					<aligny>center</aligny>
					<colordiffuse>88FFFFFF</colordiffuse>
					<visible>ListItem.HasEpg + !$PARAM[has_info_icon]</visible>
					<info>ListItem.Progress</info>
				</control>
				<include content="PVRListItemLayout">
					<param name="only_label_condition" value="$PARAM[only_label_condition]" />
					<param name="info_icon" value="$PARAM[info_icon]" />
					<param name="has_info_icon" value="$PARAM[has_info_icon]" />
					<param name="has_status_icon" value="$PARAM[has_status_icon]" />
					<param name="label0" value="[COLOR grey]$INFO[ListItem.ChannelNumberLabel][/COLOR]" />
					<param name="label1" value="$PARAM[label1]" />
					<param name="label2" value="$PARAM[label2]" />
					<param name="label3" value="$VAR[PVRListItemSubLabel]" />
					<param name="label4" value="[COLOR grey]$INFO[ListItem.Comment][/COLOR]" />
				</include>
			</itemlayout>
			<focusedlayout height="100">
				<control type="image">
					<left>0</left>
					<top>0</top>
					<right>0</right>
					<animation effect="fade" start="100" end="0" time="0">UnFocus</animation>
					<texture colordiffuse="button_focus">lists/focus.png</texture>
					<visible>Control.HasFocus($PARAM[list_id])</visible>
				</control>
				<control type="progress">
					<left>20</left>
					<top>66</top>
					<width>70</width>
					<height>12</height>
					<align>center</align>
					<aligny>center</aligny>
					<midtexture border="3">progress/texturebg_white.png</midtexture>
					<visible>ListItem.HasEpg + !$PARAM[has_info_icon]</visible>
					<info>ListItem.Progress</info>
				</control>
				<include content="PVRListItemLayout">
					<param name="only_label_condition" value="$PARAM[only_label_condition]" />
					<param name="info_icon" value="$PARAM[info_icon]" />
					<param name="has_info_icon" value="$PARAM[has_info_icon]" />
					<param name="has_status_icon" value="$PARAM[has_status_icon]" />
					<param name="label0" value="$INFO[ListItem.ChannelNumberLabel]" />
					<param name="label1" value="$PARAM[label1]" />
					<param name="label2" value="$PARAM[label2]" />
					<param name="label3" value="$VAR[PVRListItemSubLabelFocused]" />
					<param name="label4" value="$INFO[ListItem.Comment]" />
				</include>
			</focusedlayout>
		</definition>
	</include>
	<include name="TVChannelsItemLayout">
		<definition>
			<control type="label">
				<left>30</left>
				<top>0</top>
				<right>30</right>
				<font>font36_title</font>
				<aligny>center</aligny>
				<visible>$PARAM[only_label_condition]</visible>
				<label>$INFO[ListItem.Label]</label>
			</control>
			<control type="group">
				<visible>!$PARAM[only_label_condition]</visible>
				<animation effect="slide" start="0,0" end="0,16" time="0" condition="!$EXP[listitem_has_epg_event_info]">Conditional</animation>
				<control type="image">
					<left>29</left>
					<top>17</top>
					<width>32</width>
					<height>32</height>
					<aspectratio align="center">keep</aspectratio>
					<visible>$PARAM[has_info_icon]</visible>
					<texture>$PARAM[info_icon]</texture>
				</control>
				<control type="label">
					<left>12</left>
					<top>0</top>
					<width>90</width>
					<height>90</height>
					<align>center</align>
					<aligny>center</aligny>
					<font>font32_title</font>
					<visible>!$PARAM[has_info_icon]</visible>
					<label>$PARAM[label0]</label>
				</control>
				<control type="label">
					<left>170</left>
					<top>0</top>
					<height>30</height>
					<aligny>top</aligny>
					<label>$PARAM[label1]</label>
				</control>
				<control type="label">
					<left>170</left>
					<top>0</top>
					<height>30</height>
					<aligny>top</aligny>
					<label>$PARAM[label2]</label>
				</control>
			</control>
			<control type="image"> 
					<left>175</left>
					<top>41</top>
					<width>30</width>
					<height>22</height>
					<texture fallback="flags/videoresolution/sd.png">$VAR[PVR_HDTV_Var,flags/hdtv/,.png]</texture>
			</control>
			<control type="group">
				<visible>!$PARAM[only_label_condition]</visible>
				<control type="label">
					<left>215</left>
					<top>33</top>
					<height>30</height>
					<font>font12</font>
					<aligny>top</aligny>
					<label>$PARAM[label3]</label>
				</control>
				<control type="label">
					<left>170</left>
					<top>33</top>
					<height>30</height>
					<font>font12</font>
					<aligny>top</aligny>
					<label>$PARAM[label4]</label>
				</control>
			</control>
			<control type="image">
				<right>30</right>
				<top>25</top>
				<width>40</width>
				<height>40</height>
				<aligny>center</aligny>
				<aspectratio align="center">keep</aspectratio>
				<texture>$VAR[PVRStatusImageVar]</texture>
				<visible>$PARAM[has_status_icon]</visible>
			</control>
			<control type="image">
				<left>75</left>
				<top>10</top>
				<width>90</width>
				<height>80</height>
				<aligny>center</aligny>
				<aspectratio align="center">keep</aspectratio>
				<visible>!$PARAM[only_label_condition] | ListItem.IsParentFolder</visible>
				<texture>$INFO[ListItem.ActualIcon]</texture>
			</control>
		</definition>
	</include>
	<include name="TVChannelsItemLayouts">
		<param name="only_label_condition">false</param>
		<param name="has_info_icon">false</param>
		<param name="has_status_icon">false</param>
		<definition>
			<itemlayout height="100">
				<control type="group">
					<control type="label">
						<left>170</left>
						<top>62</top>
						<width>200</width>
						<height>90</height>
						<font>font12</font>
						<label>$INFO[ListItem.StartTime]</label>
						<visible>String.Contains(ListItem.StartTime,AM) | String.Contains(ListItem.StartTime,PM)</visible>
					</control>
					<control type="progress">
						<left>300</left>
						<top>75</top>
						<width>200</width>
						<height>12</height>
						<midtexture border="3">progress/texturebg_white.png</midtexture>
						<visible>ListItem.HasEpg + !$PARAM[has_info_icon]</visible>
						<info>ListItem.Progress</info>
						<visible>String.Contains(ListItem.StartTime,AM) | String.Contains(ListItem.StartTime,PM)</visible>
					</control>
					<control type="label">
						<left>520</left>
						<top>62</top>
						<width>200</width>
						<height>90</height>
						<font>font12</font>
						<label>$INFO[ListItem.EndTime]</label>
						<visible>String.Contains(ListItem.StartTime,AM) | String.Contains(ListItem.StartTime,PM)</visible>
					</control>
				</control>
				<control type="group">
					<control type="label">
						<left>170</left>
						<top>62</top>
						<width>200</width>
						<height>90</height>
						<font>font12</font>
						<label>$INFO[ListItem.StartTime]</label>
						<visible>!String.Contains(ListItem.StartTime,AM) + !String.Contains(ListItem.StartTime,PM)</visible>
					</control>
					<control type="progress">
						<left>250</left>
						<top>75</top>
						<width>200</width>
						<height>12</height>
						<midtexture border="3">progress/texturebg_white.png</midtexture>
						<visible>ListItem.HasEpg</visible>
						<info>ListItem.Progress</info>
						<visible>!String.Contains(ListItem.StartTime,AM) + !String.Contains(ListItem.StartTime,PM)</visible>
					</control>
					<control type="label">
						<left>470</left>
						<top>62</top>
						<width>200</width>
						<height>90</height>
						<font>font12</font>
						<label>$INFO[ListItem.EndTime]</label>
						<visible>!String.Contains(ListItem.StartTime,AM) + !String.Contains(ListItem.StartTime,PM)</visible>
					</control>
				</control>
				<include content="TVChannelsItemLayout">
					<param name="only_label_condition" value="$PARAM[only_label_condition]" />
					<param name="info_icon" value="$PARAM[info_icon]" />
					<param name="has_info_icon" value="$PARAM[has_info_icon]" />
					<param name="has_status_icon" value="$PARAM[has_status_icon]" />
					<param name="label0" value="[COLOR grey]$INFO[ListItem.ChannelNumberLabel][/COLOR]" />
					<param name="label1" value="$PARAM[label1]" />
					<param name="label2" value="$PARAM[label2]" />
					<param name="label3" value="$VAR[PVRListItemSubLabel]" />
					<param name="label4" value="[COLOR grey]$INFO[ListItem.Comment][/COLOR]" />
				</include>
			</itemlayout>
			<focusedlayout height="100">
				<control type="image">
					<left>0</left>
					<top>0</top>
					<right>0</right>
					<animation effect="fade" start="100" end="0" time="0">UnFocus</animation>
					<texture colordiffuse="button_focus">lists/focus.png</texture>
					<visible>Control.HasFocus($PARAM[list_id])</visible>
				</control>
				<control type="group">
					<control type="label">
						<left>170</left>
						<top>62</top>
						<width>200</width>
						<height>90</height>
						<font>font12</font>
						<label>$INFO[ListItem.StartTime]</label>
						<visible>String.Contains(ListItem.StartTime,AM) | String.Contains(ListItem.StartTime,PM)</visible>
					</control>
					<control type="progress">
						<left>300</left>
						<top>75</top>
						<width>200</width>
						<height>12</height>
						<midtexture border="3">progress/texturebg_white.png</midtexture>
						<visible>ListItem.HasEpg + !$PARAM[has_info_icon]</visible>
						<info>ListItem.Progress</info>
						<visible>String.Contains(ListItem.StartTime,AM) | String.Contains(ListItem.StartTime,PM)</visible>
					</control>
					<control type="label">
						<left>520</left>
						<top>62</top>
						<width>200</width>
						<height>90</height>
						<font>font12</font>
						<label>$INFO[ListItem.EndTime]</label>
						<visible>String.Contains(ListItem.StartTime,AM) | String.Contains(ListItem.StartTime,PM)</visible>
					</control>
				</control>
				<control type="group">
					<control type="label">
						<left>170</left>
						<top>62</top>
						<width>200</width>
						<height>90</height>
						<font>font12</font>
						<label>$INFO[ListItem.StartTime]</label>
						<visible>!String.Contains(ListItem.StartTime,AM) + !String.Contains(ListItem.StartTime,PM)</visible>
					</control>
					<control type="progress">
						<left>250</left>
						<top>75</top>
						<width>200</width>
						<height>12</height>
						<midtexture border="3">progress/texturebg_white.png</midtexture>
						<visible>ListItem.HasEpg</visible>
						<info>ListItem.Progress</info>
						<visible>!String.Contains(ListItem.StartTime,AM) + !String.Contains(ListItem.StartTime,PM)</visible>
					</control>
					<control type="label">
						<left>470</left>
						<top>62</top>
						<width>200</width>
						<height>90</height>
						<font>font12</font>
						<label>$INFO[ListItem.EndTime]</label>
						<visible>!String.Contains(ListItem.StartTime,AM) + !String.Contains(ListItem.StartTime,PM)</visible>
					</control>
				</control>
				
				<include content="TVChannelsItemLayout">
					<param name="only_label_condition" value="$PARAM[only_label_condition]" />
					<param name="info_icon" value="$PARAM[info_icon]" />
					<param name="has_info_icon" value="$PARAM[has_info_icon]" />
					<param name="has_status_icon" value="$PARAM[has_status_icon]" />
					<param name="label0" value="$INFO[ListItem.ChannelNumberLabel]" />
					<param name="label1" value="$PARAM[label1]" />
					<param name="label2" value="$PARAM[label2]" />
					<param name="label3" value="$VAR[PVRListItemSubLabelFocused]" />
					<param name="label4" value="$INFO[ListItem.Comment]" />
				</include>
			</focusedlayout>
		</definition>
	</include>
	<include name="ChannelManagerList">
		<control type="grouplist">
			<orientation>horizontal</orientation>
			<left>0</left>
			<align>center</align>
			<width>510</width>
			<control type="label" id="$PARAM[header_id]">
				<width>auto</width>
				<height>70</height>
				<align>center</align>
				<aligny>center</aligny>
				<textcolor>button_focus</textcolor>
			</control>
			<control type="label">
				<width>auto</width>
				<height>70</height>
				<align>center</align>
				<aligny>center</aligny>
				<textcolor>button_focus</textcolor>
				<label>: [COLOR white]$INFO[Container($PARAM[list_id]).Numitems][/COLOR]</label>
			</control>
		</control>
		<control type="image">
			<left>0</left>
			<top>55</top>
			<width>510</width>
			<height>740</height>
			<texture border="40">buttons/dialogbutton-nofo.png</texture>
		</control>
		<control type="list" id="$PARAM[list_id]">
			<left>20</left>
			<top>75</top>
			<width>470</width>
			<height>700</height>
			<onup>$PARAM[list_id]</onup>
			<ondown>$PARAM[list_id]</ondown>
			<onleft>$PARAM[onleft]</onleft>
			<onright>$PARAM[scrollbar_id]</onright>
			<pagecontrol>$PARAM[scrollbar_id]</pagecontrol>
			<scrolltime>200</scrolltime>
			<itemlayout height="70" width="470">
				<control type="image">
					<width>60</width>
					<height>60</height>
					<right>5</right>
					<top>5</top>
					<texture>$INFO[ListItem.ActualIcon]</texture>
					<bordertexture colordiffuse="border_alpha">colors/black.png</bordertexture>
					<bordersize>2</bordersize>
					<aspectratio>keep</aspectratio>
				</control>
				<control type="label">
					<left>20</left>
					<right>70</right>
					<height>70</height>
					<aligny>center</aligny>
					<font>font27</font>
					<textcolor>grey</textcolor>
					<label>$INFO[ListItem.ChannelNumberLabel,[B],[/B] - ]$INFO[ListItem.ChannelName]</label>
				</control>
			</itemlayout>
			<focusedlayout height="70" width="470">
				<control type="image">
					<left>0</left>
					<right>0</right>
					<bottom>0</bottom>
					<texture colordiffuse="button_focus">lists/focus.png</texture>
					<visible>Control.HasFocus($PARAM[list_id])</visible>
				</control>
				<control type="image">
					<width>60</width>
					<height>60</height>
					<right>5</right>
					<top>5</top>
					<texture>$INFO[ListItem.ActualIcon]</texture>
					<bordertexture colordiffuse="border_alpha">colors/black.png</bordertexture>
					<bordersize>2</bordersize>
					<aspectratio>keep</aspectratio>
				</control>
				<control type="label">
					<left>20</left>
					<right>70</right>
					<height>70</height>
					<font>font27</font>
					<aligny>center</aligny>
					<label>$INFO[ListItem.ChannelNumberLabel,[B],[/B] - ]$INFO[ListItem.ChannelName]</label>
				</control>
			</focusedlayout>
		</control>
		<control type="scrollbar" id="$PARAM[scrollbar_id]">
			<left>495</left>
			<top>75</top>
			<width>12</width>
			<height>700</height>
			<onleft>$PARAM[list_id]</onleft>
			<onright>$PARAM[onright]</onright>
			<ondown>$PARAM[scrollbar_id]</ondown>
			<onup>$PARAM[scrollbar_id]</onup>
			<orientation>vertical</orientation>
		</control>
	</include>
	<include name="PVRProgress">
		<control type="group">
			<animation effect="fade" time="400">VisibleChange</animation>
			<visible>!Player.ChannelPreviewActive</visible>
			<control type="group">
				<visible>Player.SeekEnabled | VideoPlayer.HasEPG</visible>
				<visible>Player.ShowInfo | Window.IsActive(fullscreeninfo) | Player.ShowTime | Window.IsActive(videoosd) | Window.IsActive(musicosd) | Window.IsActive(playerprocessinfo) | !String.IsEmpty(Player.SeekNumeric) | !String.IsEmpty(PVR.ChannelNumberInput) | Window.IsActive(pvrosdchannels) | Window.IsActive(pvrchannelguide)</visible>
				<control type="label">
					<top>102</top>
					<right>20</right>
					<width>400</width>
					<height>50</height>
					<align>right</align>
					<aligny>center</aligny>
					<font>font13</font>
					<label>$INFO[PVR.TimeshiftProgressEndTime]</label>
					<visible>false</visible>
				</control>
				<control type="label">
					<top>102</top>
					<left>20</left>
					<width>400</width>
					<height>50</height>
					<align>left</align>
					<aligny>center</aligny>
					<font>font13</font>
					<label>$INFO[PVR.TimeshiftProgressStartTime]</label>
					<visible>false</visible>
				</control>
				<control type="label">
					<centerleft>29%</centerleft>
					<top>100</top>
					<height>50</height>
					<align>center</align>
					<aligny>center</aligny>
					<font>font12</font>
					<label>[B][COLOR button_focus]$LOCALIZE[31026][/COLOR][/B][COLOR grey] $INFO[PVR.TimeshiftCur] (-$INFO[PVR.TimeshiftOffset])[/COLOR]</label>
					<visible>PVR.IsTimeShift</visible>
				</control>
			</control>
			<control type="group">
				<visible>VideoPlayer.HasEPG</visible>
				<control type="progress">
					<left>425</left>
					<top>$PARAM[epg_bar_top]</top>
					<width>720</width>
					<height>$PARAM[epg_bar_height]</height>
					<info2>PVR.TimeshiftProgressEpgStart</info2>
					<info>PVR.TimeshiftProgressPlayPos</info>
					<texturebg border="1" colordiffuse="60FFFFFF">colors/white50.png</texturebg>
					<midtexture colordiffuse="button_focus">windows/pvr/osd-genre/osd_genre.png</midtexture>
				</control>
				<control type="progress">
					<left>425</left>
					<top>$PARAM[ts_bar_top]</top>
					<width>720</width>
					<height>$PARAM[ts_bar_height]</height>
					<info2>PVR.TimeshiftProgressPlayPos</info2>
					<info>PVR.TimeshiftProgressEpgEnd</info>
					<texturebg border="" colordiffuse="00FFFFFF">colors/white50.png</texturebg>  
					<midtexture>colors/red.png</midtexture>
				</control>
				<control type="progress">
					<left>425</left>
					<top>84</top>
					<width>720</width>
					<height>2</height>
					<info2>PVR.TimeshiftProgressPlayPos</info2>
					<info>PVR.TimeshiftProgressEpgEnd</info>
					<texturebg border="2" colordiffuse="00FFFFFF">colors/white50.png</texturebg> 
					<midtexture border="1">progress/red2.png</midtexture>
					<visible>false</visible>
				</control>
				<control type="progress">
					<left>425</left>
					<top>84</top>
					<width>720</width>
					<height>2</height>
					<info2>PVR.TimeshiftProgressPlayPos</info2>
					<info>PVR.TimeshiftProgressEpgEnd</info>
					<texturebg border="3" colordiffuse="00FFFFFF">colors/white50.png</texturebg> 
					<visible>false</visible>
				</control>
			</control>
			<control type="progress">
				<left>425</left>
				<top>$PARAM[ts_bar_top]</top>
				<width>720</width>
				<height>$PARAM[ts_bar_height]</height>
				<info2>PVR.TimeshiftProgressBufferStart</info2>
				<info>PVR.TimeshiftProgressBufferEnd</info>
				<texturebg border="" colordiffuse="60FFFFFF">colors/white50.png</texturebg>
				<midtexture>colors/limegreen.png</midtexture>	
				<visible>Player.SeekEnabled</visible>
			</control>
		</control>
		<control type="group">
			<animation effect="fade" time="400">VisibleChange</animation>
			<visible>Player.ChannelPreviewActive</visible>
			<control type="progress">
				<left>425</left>
				<top>96</top>
				<width>40%</width>
				<height>4</height>
				<info>PVR.EpgEventProgress</info>
				<texturebg border="3" colordiffuse="60FFFFFF">colors/white50.png</texturebg>
				<midtexture colordiffuse="button_focus">colors/white.png</midtexture>
			</control>
		</control>
	</include>
	<include name="PVRProgressTopSeek">
		<control type="group">
			<animation effect="fade" time="400">VisibleChange</animation>
			<visible>!Player.ChannelPreviewActive</visible>
			<control type="group">
				<visible>Player.SeekEnabled | VideoPlayer.HasEPG</visible>
				<visible>Player.ShowInfo | Window.IsActive(fullscreeninfo) | Player.ShowTime | Window.IsActive(videoosd) | Window.IsActive(musicosd) | Window.IsActive(playerprocessinfo) | !String.IsEmpty(Player.SeekNumeric) | !String.IsEmpty(PVR.ChannelNumberInput) | Window.IsActive(pvrosdchannels) | Window.IsActive(pvrchannelguide)</visible>
				<control type="label">
					<top>22</top>
					<right>20</right>
					<width>400</width>
					<height>50</height>
					<align>right</align>
					<aligny>center</aligny>
					<font>font13</font>
					<label>$INFO[PVR.TimeshiftProgressEndTime]</label>
				</control>
				<control type="label">
					<top>22</top>
					<left>20</left>
					<width>400</width>
					<height>50</height>
					<align>left</align>
					<aligny>center</aligny>
					<font>font13</font>
					<label>$INFO[PVR.TimeshiftProgressStartTime]</label>
				</control>
				<control type="label">
					<top>22</top>
					<left>20</left>
					<right>20</right>
					<height>50</height>
					<align>center</align>
					<aligny>center</aligny>
					<font>font13</font>
					<label>[B]$LOCALIZE[31026][/B] $INFO[PVR.TimeshiftCur] (-$INFO[PVR.TimeshiftOffset])</label>
					<visible>PVR.IsTimeShift</visible>
				</control>
			</control>
			<control type="group">
				<visible>VideoPlayer.HasEPG</visible>
				<control type="progress">
					<left>0</left>
					<top>$PARAM[epg_bar_top]</top>
					<width>100%</width>
					<height>$PARAM[epg_bar_height]</height>
					<info2>PVR.TimeshiftProgressEpgStart</info2>
					<info>PVR.TimeshiftProgressPlayPos</info>
					<texturebg border="3" colordiffuse="60FFFFFF">colors/white50.png</texturebg>
					<midtexture colordiffuse="button_focus">colors/white.png</midtexture>
				</control>
				<control type="progress">
					<left>0</left>
					<top>$PARAM[epg_bar_top]</top>
					<width>100%</width>
					<height>$PARAM[epg_bar_height]</height>
					<info2>PVR.TimeshiftProgressPlayPos</info2>
					<info>PVR.TimeshiftProgressEpgEnd</info>
					<texturebg border="3" colordiffuse="00FFFFFF">colors/white50.png</texturebg>
					<midtexture>colors/white50.png</midtexture>
				</control>
			</control>
			<control type="progress">
				<left>0</left>
				<top>$PARAM[ts_bar_top]</top>
				<width>100%</width>
				<height>$PARAM[ts_bar_height]</height>
				<info2>PVR.TimeshiftProgressBufferStart</info2>
				<info>PVR.TimeshiftProgressBufferEnd</info>
				<texturebg border="3" colordiffuse="60FFFFFF">colors/white50.png</texturebg>
				<midtexture>colors/white70.png</midtexture>
				<visible>Player.SeekEnabled</visible>
			</control>
		</control>
		<control type="group">
			<animation effect="fade" time="400">VisibleChange</animation>
			<visible>Player.ChannelPreviewActive</visible>
			<control type="progress">
				<left>0</left>
				<top>70</top>
				<width>100%</width>
				<height>16</height>
				<info>PVR.EpgEventProgress</info>
				<texturebg border="3" colordiffuse="60FFFFFF">colors/white50.png</texturebg>
				<midtexture colordiffuse="button_focus">colors/white.png</midtexture>
			</control>
		</control>
	</include>
	<include name="PVRInfoPanel">
		<control type="group">
			<visible>!ListItem.IsFolder + !String.IsEmpty(ListItem.Label) + !String.Contains(ListItem.Label,add timer) + !String.Contains(ListItem.Label,search)</visible>
			<control type="image">
				<top>95</top>
				<left>0</left>
				<width>95</width>
				<height>100</height>
				<aspectratio align="left">keep</aspectratio>
				<texture fallback="DefaultTVShows.png">$INFO[Listitem.Icon]</texture>
				<visible>!String.IsEmpty(ListItem.ChannelName) + !Window.IsVisible(MyPVRRecordings.xml)</visible>
				<fadetime>200</fadetime>
			</control>
			<control type="group">
				<top>90</top>
				<left>0</left>
				<width>600</width>
				<control type="label">
					<left>115</left>
					<height>262</height>
					<font>font45</font>
					<label>$INFO[ListItem.ChannelName]</label>
					<visible>!Window.IsVisible(MyPVRRecordings.xml)</visible>
				</control>
				<control type="label">
					<left>0</left>
					<height>262</height>
					<font>font45</font>
					<label>$INFO[ListItem.ChannelName]</label>
					<visible>Window.IsVisible(MyPVRRecordings.xml)</visible>
				</control>
				<control type="label">
					<top>55</top>
					<left>115</left>
					<width>830</width>
					<height>262</height>
					<font>font36_title</font>
					<label>[COLOR button_focus]$INFO[ListItem.Title][/COLOR] $INFO[ListItem.Year,([COLOR grey],[/COLOR])]</label>
					<scroll>true</scroll>
					<visible>!ListItem.HasEpg</visible>
					<visible>!Window.IsVisible(MyPVRRecordings.xml)</visible>
				</control>
				<control type="label">
					<top>55</top>
					<left>0</left>
					<width>830</width>
					<height>262</height>
					<font>font36_title</font>
					<label>[COLOR button_focus]$INFO[ListItem.Title][/COLOR] $INFO[ListItem.Year,([COLOR grey],[/COLOR])]</label>
					<scroll>true</scroll>
					<visible>!ListItem.HasEpg</visible>
					<visible>Window.IsVisible(MyPVRRecordings.xml)</visible>
				</control>
				<control type="label">
					<top>55</top>
					<left>115</left>
					<width>830</width>
					<height>262</height>
					<font>font36_title</font>
					<label>[COLOR button_focus]$INFO[ListItem.EpgEventTitle][/COLOR] $INFO[ListItem.Year,([COLOR grey],[/COLOR])]</label>
					<scroll>true</scroll>
					<visible>ListItem.HasEpg</visible>
				</control>
				<control type="image" id="9882">
					<left>0</left>
					<top>130</top>
					<width>245</width>
					<height>345</height>
					<texture>$VAR[PVRRecording_Timer_ArtworkVar]</texture>
				</control>
				<control type="image" id="9883">
					<left>0</left>
					<top>130</top>
					<width>245</width>
					<height>345</height>
					<texture fallback="DefaultPVRPoster.png" background="true">$VAR[NowPVRPoster_SkinHelper_Var]</texture>
					<visible>String.IsEmpty(Control.GetLabel(9882))</visible>
				</control>
				<control type="image">
					<top>540</top>
					<left>-5</left>
					<width>55</width>
					<height>55</height>
					<texture>icons/pvr/recording_timer_date.png</texture>
					<visible>!String.IsEmpty(ListItem.StartDate) + !String.IsEmpty(ListItem.StartTime)</visible>
				</control>
				<control type="label">
					<top>545</top>
					<left>55</left>
					<width>750</width>
					<height>300</height>
					<label>$VAR[PVRInfoPanelDateDurationLabel]</label>
				</control>
				<control type="progress">
					<top>485</top>
					<height>12</height>
					<width>245</width>
					<colordiffuse>88FFFFFF</colordiffuse>
					<info>ListItem.Progress</info>
					<visible>Integer.IsGreater(ListItem.Progress,0)</visible>
				</control>
				<control type="progress">
					<top>485</top>
					<height>12</height>
					<width>245</width>
					<colordiffuse>88FFFFFF</colordiffuse>
					<info>ListItem.PercentPlayed</info>
					<visible>Integer.IsGreater(ListItem.PercentPlayed,0)</visible> 
				</control>
			</control>
			
			<control type="label">
				<top>220</top>
				<left>235</left>
				<height>70</height>
				<align>center</align>
				<scroll>true</scroll>
				<label>[I]$VAR[SeasonEpisodeLabel]$INFO[ListItem.EpisodeName][/I]</label>
			</control>
			<control type="textbox">
				<top>260</top>
				<left>270</left>
				<width>550</width>
				<height>255</height>
				<align>center</align>
				<label>$INFO[ListItem.Plot]</label>
				<autoscroll delay="10000" time="3000" repeat="10000">Skin.HasSetting(AutoScroll)</autoscroll>
			</control>
			<control type="image">
				<left>330</left>
				<top>525</top>
				<width>150</width>
				<height>50</height>
				<texture>ratings/imdb/imdb.png</texture>
			</control>
			<control type="image">
				<left>420</left>
				<top>530</top>
				<width>120</width>
				<height>35</height>
				<texture fallback="ratings/imdb/0.0.png" colordiffuse="yellow">$INFO[Window(Home).Property(SkinHelper.ListItem.Rating),ratings/imdb/,.png]</texture>
			</control>
			<control type="image">
				<left>595</left>
				<top>520</top>
				<width>55</width>
				<height>55</height>
				<texture>icons/pvr/time-icon.png</texture>
				<visible>!String.IsEmpty(ListItem.Duration)</visible>
			</control>
			<control type="label">
				<top>530</top>
				<left>655</left>
				<width>150</width>
				<font>font27</font>
				<textcolor>button_focus</textcolor>
				<label>[B]$VAR[ItemDurationVar][/B]</label>
			</control>
			<control type="image">
				<top>590</top>
				<left>-5</left>
				<width>55</width>
				<height>55</height>
				<texture>icons/pvr/tvschedule.png</texture>
			</control>
			<control type="label">
				<top>595</top>
				<left>55</left>
				<width>730</width>
				<bottom>80</bottom>
				<label>$VAR[FlagLabel] $VAR[Text_Based_Premiere_Flags_TVGuide]</label>
			</control>
			<control type="image">
				<top>670</top>
				<left>0</left>
				<width>50</width>
				<height>50</height>
				<texture>icons/pvr/genre.png</texture>
			</control>
			<control type="label">
				<top>672</top>
				<left>55</left>
				<width>730</width>
				<bottom>80</bottom>
				<label fallback="Genre not listed">$INFO[ListItem.Genre]</label>
			</control>
			<control type="image">
				<top>710</top>
				<left>0</left>
				<width>50</width>
				<height>50</height>
				<texture>icons/pvr/director.png</texture>
			</control>
			<control type="label">
				<top>710</top>
				<left>55</left>
				<width>730</width>
				<bottom>80</bottom>
				<label fallback="Director not listed">$INFO[Window(Home).Property(SkinHelper.ListItem.Director)]</label>
			</control>
			<control type="image">
				<top>750</top>
				<left>0</left>
				<width>50</width>
				<height>50</height>
				<texture>icons/pvr/writer.png</texture>
			</control>
			<control type="label">
				<top>750</top>
				<left>55</left>
				<width>730</width>
				<bottom>80</bottom>
				<label fallback="Writer not listed">$INFO[Window(Home).Property(SkinHelper.ListItem.Writer)]</label>
			</control>
			<control type="image">
				<top>792</top>
				<left>2</left>
				<width>45</width>
				<height>50</height>
				<texture>icons/pvr/recordingsize.png</texture>
			</control>
			<control type="label">
				<top>794</top>
				<left>55</left>
				<width>730</width>
				<bottom>80</bottom>
				<label>$INFO[ListItem.TimerType]$VAR[RecordingSizeLabel]$VAR[ExpirationDateTimeLabel]</label>
			</control>
			
		</control>
		<control type="group">
			<visible>ListItem.IsFolder</visible>
			<top>550</top>
			<control type="label">
				<top>10</top>
				<width>830</width>
				<height>262</height>
				<label>$LOCALIZE[19076] ($INFO[Container(5000).NumItems,[B],[/B] $LOCALIZE[31036]]) $INFO[ListItem.Property(recordingsize),- $LOCALIZE[20161]: [B],[/B]]</label>
				<font>font37</font>
				<visible>!ListItem.IsParentFolder</visible>
			</control>
			<control type="group">
				<left>-10</left>
				<top>60</top>
				<visible>!ListItem.IsParentFolder</visible>
				<control type="panel" id="5000">
					<top>20</top>
					<width>830</width>
					<bottom>100</bottom>
					<orientation>vertical</orientation>
					<focusedlayout height="100" width="780">
						<control type="label">
							<left>10</left>
							<height>90</height>
							<width>830</width>
							<aligny>center</aligny>
							<label>$VAR[RecordingDateSizeLabel]$INFO[ListItem.Label]$INFO[ListItem.EpisodeName, (,)]</label>
							<shadowcolor>text_shadow</shadowcolor>
						</control>
					</focusedlayout>
					<itemlayout height="100" width="780">
						<control type="label">
							<left>10</left>
							<height>90</height>
							<width>830</width>
							<aligny>center</aligny>
							<label>$VAR[RecordingDateSizeLabel]$INFO[ListItem.Label]$INFO[ListItem.EpisodeName, (,)]</label>
							<shadowcolor>text_shadow</shadowcolor>
						</control>
					</itemlayout>
					<content sortby="date" sortorder="$PARAM[folder_sortorder]">$INFO[ListItem.FilenameAndPath]</content>
				</control>
			</control>
		</control>
	</include>
	
	<include name="BigListContentPanel">
		<control type="group">
			<left>0</left>
			<top>270</top>
			<control type="progress">
				<top>10</top>
				<left>425</left>
				<width>250</width>
				<height>22</height>
				<colordiffuse>88FFFFFF</colordiffuse>
				<visible>ListItem.HasEpg</visible>
				<info>ListItem.Progress</info>
			</control>
			<control type="label">
				<top>-3</top>
				<right>460</right>
				<align>right</align>
				<width>560</width>
				<height>262</height>
				<label>$INFO[ListItem.StartTime]</label>
				<visible>String.Contains(ListItem.StartTime,AM) | String.Contains(ListItem.StartTime,PM)</visible>
			</control>
			<control type="label">
				<top>-3</top>
				<left>335</left>
				<width>560</width>
				<height>262</height>
				<label>$INFO[ListItem.StartTime]</label>
				<visible>!String.Contains(ListItem.StartTime,AM) + !String.Contains(ListItem.StartTime,PM)</visible>
			</control>
			<control type="label">
				<top>-3</top>
				<left>690</left>
				<width>520</width>
				<height>262</height>
				<label>$INFO[ListItem.EndTime]</label>
			</control>
			<control type="image">
				<top>-180</top>
				<width>95</width>
				<height>100</height>
				<aspectratio align="left">keep</aspectratio>
				<texture fallback="DefaultTVShows.png">$INFO[Listitem.Icon]</texture>
				<fadetime>200</fadetime>
			</control>
			<control type="label">
				<top>-175</top>
				<left>115</left>
				<width>540</width>
				<height>262</height>
				<font>font27</font>
				<label>Ch: $INFO[ListItem.ChannelNumberLabel]</label>
				<visible>true</visible>
			</control>
			<control type="label">
				<top>-145</top>
				<left>115</left>
				<width>540</width>
				<height>262</height>
				<font>font45</font>
				<label>$INFO[ListItem.ChannelName]</label>
				<visible>true</visible>
			</control>
			<control type="label">
				<top>-65</top>
				<width>280</width>
				<height>625</height>
				<label>[B]Watch Now:[/B]</label>
			</control>
			<control type="image">
				<top>-57</top>
				<left>190</left>
				<width>20</width>
				<height>30</height>
				<aspectratio align="left">keep</aspectratio>
				<texture colordiffuse="button_focus">icons/keyboard/arrowright.png</texture>
				<fadetime>200</fadetime>
			</control>
			<control type="label">
				<top>-65</top>
				<left>220</left>				
				<width>600</width>
				<height>625</height>
				<textcolor>grey</textcolor>
				<label>[B]$INFO[ListItem.EpgEventTitle,,[CR]][/B]</label>
			</control>
			<control type="image">
				<top>-20</top>
				<left>-25</left>
				<width>285</width>
				<height>385</height>
				<texture>colors/black.png</texture>
				<bordertexture border="23">overlays/shadow.png</bordertexture>
				<bordersize>22</bordersize>
			</control>
			<control type="image" id="9880">
				<left>-5</left>
				<top>0</top>
				<width>245</width>
				<height>345</height>
				<texture>$VAR[NowPVRPoster_Backend_Var]</texture>
			</control>
			<control type="image" id="9881">
				<left>-5</left>
				<top>0</top>
				<width>245</width>
				<height>345</height>
				<texture fallback="DefaultPVRPoster.png" background="true">$VAR[NowPVRPoster_SkinHelper_Var]</texture>
				<visible>String.IsEmpty(Control.GetLabel(9880))</visible>
			</control>
			<control type="image"> 
				<left>-5</left>
				<top>0</top>
				<width>245</width>
				<height>345</height>
				<texture>$VAR[NowPVRPoster_Local_Artwork_Var]</texture> 
			</control>
			<control type="textbox">
				<top>50</top>
				<left>270</left>
				<height>210</height>
				<width>575</width>
				<bottom>114</bottom>
				<align>center</align>
				<label>$INFO[ListItem.Plot]</label>
				<autoscroll delay="10000" time="3000" repeat="10000">Skin.HasSetting(AutoScroll)</autoscroll>
			</control>
			<control type="textbox">
				<top>70</top>
				<left>270</left>
				<width>575</width>
				<height>210</height>
				<bottom>114</bottom>
				<font>font27</font>
				<align>center</align>
				<textcolor>80FFFFFF</textcolor>
				<label>$LOCALIZE[19055]</label>
				<visible>String.IsEmpty(Listitem.Plot)</visible>
			</control>
			<control type="image">
				<left>340</left>
				<top>305</top>
				<width>150</width>
				<height>50</height>
				<texture>ratings/imdb/imdb.png</texture>
			</control>
			<control type="image">
				<left>430</left>
				<top>310</top>
				<width>120</width>
				<height>35</height>
				<texture fallback="ratings/imdb/0.0.png" colordiffuse="yellow">$INFO[Window(Home).Property(SkinHelper.ListItem.Rating),ratings/imdb/,.png]</texture>
			</control>
			<control type="image">
				<left>595</left>
				<top>300</top>
				<width>55</width>
				<height>55</height>
				<texture>icons/pvr/time-icon.png</texture>
			</control>
			<control type="label">
				<top>310</top>
				<left>655</left>
				<width>350</width>
				<font>font27</font>
				<textcolor>button_focus</textcolor>
				<label>[B]$VAR[ItemDurationVar][/B]</label>
			</control>
			<control type="image">
				<top>370</top>
				<left>-5</left>
				<width>55</width>
				<height>55</height>
				<texture>icons/pvr/tvschedule.png</texture>
			</control>
			<control type="label">
				<top>375</top>
				<left>60</left>
				<width>500</width>
				<height>35</height>
				<label>$VAR[FlagLabel] $VAR[Text_Based_Premiere_Flags_TVGuide]</label>
			</control>
			<control type="image">
				<top>410</top>
				<left>-1</left>
				<width>50</width>
				<height>50</height>
				<texture>icons/pvr/genre.png</texture>
			</control>
			<control type="label">
				<top>410</top>
				<left>60</left>
				<height>40</height>
				<width>780</width>
				<align>left</align>
				<label fallback="Genre not listed">$INFO[ListItem.Genre]</label> 
			</control>
			<control type="image">
				<top>445</top>
				<width>50</width>
				<height>50</height>
				<texture>icons/pvr/director.png</texture>
			</control>
			<control type="label">
				<top>444</top>
				<left>60</left>
				<height>40</height>
				<width>780</width>
				<label fallback="Director not listed">$INFO[Window(Home).Property(SkinHelper.ListItem.Director)]</label>
			</control>
			<control type="image">
				<top>480</top>
				<width>50</width>
				<height>50</height>
				<texture>icons/pvr/writer.png</texture>
			</control>
			<control type="label">
                <top>482</top>
				<left>60</left>
                <width>780</width>
                <height>85</height>
                <label fallback="Writer not listed">$INFO[Window(Home).Property(SkinHelper.ListItem.Writer)]</label>
            </control>
			<control type="label">
                <top>720</top>
				<left>0</left>
                <width>780</width>
                <height>85</height>
                <label>[B]Next:[/B][CR][B][COLOR white]$INFO[Container(50).ListItem.NextTitle,,[/COLOR]][/B]</label>
                <font>font27</font>
                <textcolor>button_focus</textcolor>
            </control>
		</control>
	</include>
	
	<include name="PVR+Now-NextContentPanel">
		<control type="group">
			<left>0</left>
			<top>270</top>
			<control type="progress">
				<top>10</top>
				<left>425</left>
				<width>250</width>
				<height>22</height>
				<colordiffuse>88FFFFFF</colordiffuse>
				<visible>ListItem.HasEpg</visible>
				<info>ListItem.Progress</info>
			</control>
			<control type="label">
				<top>-3</top>
				<right>460</right>
				<align>right</align>
				<width>560</width>
				<height>262</height>
				<label>$INFO[ListItem.StartTime]</label>
				<visible>String.Contains(ListItem.StartTime,AM) | String.Contains(ListItem.StartTime,PM)</visible>
			</control>
			<control type="label">
				<top>-3</top>
				<left>335</left>
				<width>560</width>
				<height>262</height>
				<label>$INFO[ListItem.StartTime]</label>
				<visible>!String.Contains(ListItem.StartTime,AM) + !String.Contains(ListItem.StartTime,PM)</visible>
			</control>
			<control type="label">
				<top>-3</top>
				<left>690</left>
				<width>520</width>
				<height>262</height>
				<label>$INFO[ListItem.EndTime]</label>
			</control>
			<control type="image">
				<top>-180</top>
				<width>95</width>
				<height>100</height>
				<aspectratio align="left">keep</aspectratio>
				<texture fallback="DefaultTVShows.png">$INFO[Listitem.Icon]</texture>
				<fadetime>200</fadetime>
			</control>
			<control type="label">
				<top>-175</top>
				<left>115</left>
				<width>540</width>
				<height>262</height>
				<font>font27</font>
				<label>Ch: $INFO[ListItem.ChannelNumberLabel]</label>
				<visible>true</visible>
			</control>
			<control type="label">
				<top>-145</top>
				<left>115</left>
				<width>540</width>
				<height>262</height>
				<font>font45</font>
				<label>$INFO[ListItem.ChannelName]</label>
				<visible>true</visible>
			</control>
			<control type="label">
				<top>-65</top>
				<width>280</width>
				<height>625</height>
				<label>[B]Watch Now:[/B]</label>
			</control>
			<control type="image">
				<top>-57</top>
				<left>190</left>
				<width>20</width>
				<height>30</height>
				<aspectratio align="left">keep</aspectratio>
				<texture colordiffuse="button_focus">icons/keyboard/arrowright.png</texture>
				<fadetime>200</fadetime>
			</control>
			<control type="label">
				<top>-65</top>
				<left>220</left>				
				<width>600</width>
				<height>625</height>
				<textcolor>grey</textcolor>
				<label>[B]$INFO[ListItem.EpgEventTitle,,[CR]][/B]</label>
			</control>
			<control type="image">
				<top>-20</top>
				<left>-25</left>
				<width>285</width>
				<height>385</height>
				<texture>colors/black.png</texture>
				<bordertexture border="23">overlays/shadow.png</bordertexture>
				<bordersize>22</bordersize>
			</control>
			<control type="image" id="9876"> 
				<left>-5</left>
				<top>0</top>
				<width>245</width>
				<height>345</height>
				<texture>$VAR[NowPVRPoster_Backend_Var]</texture>
			</control>
			<control type="image" id="9877"> 
				<left>-5</left>
				<top>0</top>
				<width>245</width>
				<height>345</height>
				<texture fallback="DefaultPVRPoster.png">$VAR[NowPVRPoster_SkinHelper_Var]</texture>
				 <visible>String.IsEmpty(Control.GetLabel(9876))</visible>
			</control> 
			<control type="image"> 
				<left>-5</left>
				<top>0</top>
				<width>245</width>
				<height>345</height>
				<texture>$VAR[NowPVRPoster_Local_Artwork_Var]</texture>
			</control>
			
			<control type="textbox">
				<top>50</top>
				<left>270</left>
				<height>210</height>
				<width>575</width>
				<bottom>114</bottom>
				<align>center</align>
				<label>$INFO[ListItem.Plot]</label>
				<autoscroll delay="10000" time="3000" repeat="10000">Skin.HasSetting(AutoScroll)</autoscroll>
			</control>
			<control type="textbox">
				<top>70</top>
				<left>270</left>
				<width>575</width>
				<height>210</height>
				<bottom>114</bottom>
				<font>font27</font>
				<align>center</align>
				<textcolor>80FFFFFF</textcolor>
				<label>$LOCALIZE[19055]</label>
				<visible>String.IsEmpty(Listitem.Plot)</visible>
			</control>
			<control type="image">
				<left>340</left>
				<top>305</top>
				<width>150</width>
				<height>50</height>
				<texture>ratings/imdb/imdb.png</texture>
			</control>
			<control type="image">
				<left>430</left>
				<top>310</top>
				<width>120</width>
				<height>35</height>
				<texture fallback="ratings/imdb/0.0.png" colordiffuse="yellow">$INFO[Window(Home).Property(SkinHelper.ListItem.Rating),ratings/imdb/,.png]</texture>
			</control>
			<control type="image">
				<left>595</left>
				<top>300</top>
				<width>55</width>
				<height>55</height>
				<texture>icons/pvr/time-icon.png</texture>
			</control>
			<control type="label">
				<top>310</top>
				<left>655</left>
				<width>150</width>
				<font>font27</font>
				<textcolor>button_focus</textcolor>
				<label>[B]$VAR[ItemDurationVar][/B]</label>
			</control>
			
		
			<control type="label">
				<top>430</top>
				<left>270</left>
				<width>560</width>
				<height>262</height>
				<align>center</align>
				<label>$INFO[ListItem.NextStartTime,, - ]$INFO[ListItem.NextEndTime,,Hrs]</label>
			</control>
			<control type="label">
				<top>360</top>
				<width>150</width>
				<height>625</height>
				<label>[B]Next:[/B]</label>
			</control>
			<control type="image">
				<top>365</top>
				<left>90</left>
				<width>20</width>
				<height>30</height>
				<aspectratio align="left">keep</aspectratio>
				<texture colordiffuse="button_focus">icons/keyboard/arrowright.png</texture>
				<fadetime>200</fadetime>
			</control>
			<control type="label">
				<top>360</top>
				<left>120</left>
				<width>590</width>
				<height>625</height>
				<textcolor>grey</textcolor>
				<label>[B]$INFO[Container(51).ListItem.NextTitle,,[CR]][/B]</label>
			</control>
			<control type="image">
				<top>400</top>
				<left>-25</left>
				<width>285</width>
				<height>385</height>
				<texture>colors/black.png</texture>
				<bordertexture border="23">overlays/shadow.png</bordertexture>
				<bordersize>22</bordersize>
			</control>
			<control type="image" id="9890">
				<left>-5</left>
				<top>420</top>
				<width>245</width>
				<height>345</height>
				<texture>$VAR[NextPVRPoster_Local_Artwork_Var]</texture>
			</control>
			<control type="image" id="9891">
				<left>-5</left>
				<top>420</top>
				<width>245</width>
				<height>345</height>
				<texture fallback="DefaultPVRPoster.png">$VAR[NextPVRPoster_SkinHelper_Var]</texture>
				<visible>String.IsEmpty(Control.GetLabel(9890))</visible> 
			</control>
			<control type="textbox">
				<top>470</top>
				<left>270</left>
				<width>575</width>
				<height>250</height>
				<bottom>114</bottom>
				<align>center</align>
				<label>[B]$INFO[ListItem.NextEpisodeName,,[CR]][/B]$INFO[ListItem.NextPlot]</label>
				<autoscroll delay="10000" time="3000" repeat="10000">Skin.HasSetting(AutoScroll)</autoscroll>
			</control>
			<control type="textbox">
				<top>510</top>
				<left>270</left>
				<width>575</width>
				<height>210</height>
				<bottom>114</bottom>
				<font>font27</font>
				<align>center</align>
				<textcolor>80FFFFFF</textcolor>
				<label>$LOCALIZE[19055]</label>
				<visible>String.IsEmpty(Listitem.NextPlot)</visible>
			</control>
			<control type="label">
				<top>310</top>
				<left>380</left>
				<width>150</width>
				<font>font27</font>
				<align>center</align>
				<textcolor>button_focus</textcolor>
				<label>[B]$VAR[NextDurationVar][/B]</label>
				<visible>String.IsEmpty(Listitem.Plot)</visible>
			</control>
		</control>
	</include>
	
	<include name="RDSInfoLine">
		<control type="grouplist">
			<visible>!String.IsEmpty($PARAM[value])</visible>
			<height>45</height>
			<orientation>horizontal</orientation>
			<itemgap>10</itemgap>
			<control type="label">
				<width>auto</width>
				<height>40</height>
				<aligny>center</aligny>
				<label>$PARAM[label]:</label>
				<textcolor>button_focus</textcolor>
			</control>
			<control type="label">
				<width>auto</width>
				<height>40</height>
				<align>right</align>
				<aligny>center</aligny>
				<label>$INFO[$PARAM[value]]</label>
				<scroll>true</scroll>
			</control>
		</control>
	</include>
	<include name="PVRChannelNumberInput">
		<control type="label">
			<left>0</left>
			<top>0</top>
			<width>100%</width>
			<height>100%</height>
			<label>$INFO[PVR.ChannelNumberInput]</label>
			<shadowcolor>black</shadowcolor>
			<align>center</align>
			<font>WeatherTemp</font>
			<aligny>center</aligny>
			<visible>!String.IsEmpty(PVR.ChannelNumberInput)</visible>
		</control>
	</include>
	<include name="timeblock_nest">
		<nested />
	</include>
	<include name="EpgGrid">
		<definition>
			<control type="epggrid" id="$PARAM[control_id]">
				<left>0</left>
				<top>0</top>
				<right>20</right>
				<bottom>70</bottom>
				<orientation>$PARAM[control_orientation]</orientation>
				<pagecontrol>60</pagecontrol>
				<include content="timeblock_nest" condition="Skin.HasSetting(1_Hour)">
				<timeblocks>15</timeblocks>	
				<rulerunit>2</rulerunit>
				</include>
				<include content="timeblock_nest" condition="Skin.HasSetting(1_5_Hours)">
				<timeblocks>21</timeblocks>	
				<rulerunit>3</rulerunit>
				</include>
				<include content="timeblock_nest" condition="Skin.HasSetting(2_5_Hours)"> 
				<timeblocks>36</timeblocks>	
				<rulerunit>6</rulerunit>
				</include>
				<include content="timeblock_nest" condition="Skin.HasSetting(3_Hours)"> 
				<timeblocks>48</timeblocks>	
				<rulerunit>6</rulerunit>
				</include>
				<include content="timeblock_nest" condition="Skin.HasSetting(4_Hours)">
				<timeblocks>60</timeblocks>	
				<rulerunit>12</rulerunit>
				</include>
				<scrolltime tween="quadratic" easing="out">300</scrolltime>
				<onback>11</onback>
				<onright>60</onright>
				<onup>$PARAM[control_onup_id]</onup>
				<ondown>$PARAM[control_id]</ondown>
				<viewtype label="$PARAM[viewtype_label]">list</viewtype>
				<progresstexture border="$PARAM[progress_texture_border]" colordiffuse="white50">$PARAM[progress_texture]</progresstexture> 
				<rulerdatelayout width="1400" height="45" condition="$PARAM[has_rulerdate_layout]">
					<control type="label">
						<width>1700</width>
						<height>45</height>
						<font>font24</font>
						<label>$INFO[ListItem.Label]</label>
						<textcolor>button_focus</textcolor>
						<align>center</align>
						<aligny>center</aligny>
					</control>
				</rulerdatelayout>
				<rulerlayout height="45" width="$PARAM[ruler_width]">
					<control type="label">
						<width>$PARAM[ruler_label_width]</width>
						<height>45</height>
						<font>font12</font>
						<label>$INFO[ListItem.Label]</label>
						<textoffsetx>10</textoffsetx>
						<textcolor>button_focus</textcolor>
					</control>
				</rulerlayout>
				<include content="channellayout_nest" condition="Skin.HasSetting(hide_channelnumber)">
				<timeblocks>15</timeblocks>	
				<rulerunit>3</rulerunit>
				</include>
				<channellayout height="62" width="$PARAM[channel_width]">
					<control type="label">
						<left>2</left>
						<top>-2</top>
						<width>90</width>
						<height>60</height>
						<font>font32_title</font>
						<label>$INFO[ListItem.ChannelNumberLabel]</label>
						<align>center</align>
						<aligny>center</aligny>
						<visible>!Skin.HasSetting(hide_channelnumber)</visible>
					</control>
					<control type="label" id="1">
						<left>83</left>
						<top>-2</top>
						<height>60</height>
						<font>font13</font>
						<label>$INFO[ListItem.ChannelName]</label>
						<aligny>center</aligny>
						<textoffsetx>10</textoffsetx>
						<visible>!Skin.HasSetting(hide_channelnumber)</visible>
					</control>
					<control type="label" id="1">
						<left>2</left>
						<top>-2</top>
						<height>60</height>
						<width>$PARAM[extended_channel_width]</width> 
						<font>font13</font>
						<label>$INFO[ListItem.ChannelName]</label>
						<aligny>center</aligny>
						<textoffsetx>10</textoffsetx>
						<visible>Skin.HasSetting(hide_channelnumber)</visible>
					</control>
				</channellayout>
				<focusedchannellayout height="62">
					<control type="label">
						<left>2</left>
						<top>-2</top>
						<width>90</width>
						<height>60</height>
						<font>font32_title</font>
						<label>$INFO[ListItem.ChannelNumberLabel]</label>
						<textcolor>button_focus</textcolor>
						<align>center</align>
						<aligny>center</aligny>
						<visible>!Skin.HasSetting(hide_channelnumber)</visible>
					</control>
					<control type="label" id="1">
						<left>83</left>
						<top>-2</top>
						<height>60</height>
						<font>font13</font>
						<label>$INFO[ListItem.ChannelName]</label>
						<textcolor>button_focus</textcolor>
						<aligny>center</aligny>
						<textoffsetx>10</textoffsetx>
						<visible>!Skin.HasSetting(hide_channelnumber)</visible>
					</control>
					<control type="label" id="1">
						<left>2</left>
						<top>-2</top>
						<height>60</height>
						<width>$PARAM[extended_channel_width]</width>
						<font>font13</font>
						<label>$INFO[ListItem.ChannelName]</label>
						<textcolor>button_focus</textcolor>
						<aligny>center</aligny>
						<textoffsetx>10</textoffsetx>
						<visible>Skin.HasSetting(hide_channelnumber)</visible>
					</control>
				</focusedchannellayout>
				
				
				
				

				<itemlayout height="62" width="60">
					<control type="image" id="2">
						<width>58</width>
						<height>58</height>
						<texture border="3" fallback="windows/pvr/kodi_epg_strip_genre/0_Genre.png">$INFO[ListItem.Property(GenreType),windows/pvr/kodi_epg_strip_genre/0_Genre.png]</texture>
						<colordiffuse>0_Genre</colordiffuse>
						<visible>Skin.HasSetting(Enable_Estuary_Default_PVR_Genres)</visible>
					</control>
					<control type="image" id="2">
						<width>58</width>
						<height>63</height>
						<texture border="3">$VAR[Enable_Kodi_PVR_Genre_Colours_Var]</texture>
						<visible>!Skin.HasSetting(Enable_Kodi_PVR_Genres) + Skin.HasSetting(Enable_Estuary_Default_PVR_Genres)</visible>
					</control>
					<control type="image" id="3">
						<width>58</width>
						<height>63</height>
						<texture border="3">$VAR[Enable_Default_PVR_Genre_Colours_Var]</texture>
						<visible>!Skin.HasSetting(Enable_Estuary_Default_PVR_Genres)</visible>
					</control>
					<!-- Trial of font change from font 13 to default font -->
					<control type="label" id="1">
						<left>6</left>
						<top>-3</top>
						<height>36</height>
						<aligny>center</aligny>
						<label>$INFO[ListItem.Label] $VAR[PVR_Movie_Year_Guide_Screen_VAR]</label>
					</control>
					<control type="image">
						<visible>ListItem.IsNew | ListItem.IsPremiere | ListItem.IsFinale | ListItem.IsLive</visible>
						<left>0</left>
						<top>5</top>
						<width>60</width>
						<height>55</height>
						<aspectratio>keep</aspectratio>
						<texture>$VAR[PremieredFlags]</texture>
						<visible>!Integer.IsLess(ListItem.Duration(mins),6)</visible>
						<visible>!Skin.HasSetting(Display_Premiered_Flags)</visible>
					</control>
					<control type="image">
						<visible>ListItem.IsNew | ListItem.IsPremiere | ListItem.IsFinale | ListItem.IsLive</visible>
						<left>6</left>
						<top>32</top>
						<width>20</width>
						<height>20</height>
						<aspectratio>keep</aspectratio>
						<texture colordiffuse="button_focus">icons/pvr/premiere.png</texture>
						<visible>Skin.HasSetting(Display_Premiered_Flags)</visible>
					</control>
					<control type="image">
						<visible>!ListItem.IsNew</visible>
						<left>0</left>
						<top>5</top>
						<width>60</width>
						<height>55</height>
						<aspectratio>keep</aspectratio>
						<texture>$VAR[Text_Based_Premiere_Flags]</texture>
						<visible>!Skin.HasSetting(Display_Premiered_Flags)</visible>
					</control>
					<control type="image">
						<left>8</left>
						<top>34</top>
						<width>19</width>
						<height>19</height>
						<texture>$VAR[PVRTimerIcon]</texture>
						<animation effect="slide" start="0,0" end="30,0" condition="Integer.IsGreater(ListItem.Duration(mins),10) + [ListItem.IsNew | ListItem.IsPremiere | ListItem.IsFinale | ListItem.IsLive | string.EndsWith(ListItem.Plot,S1 Ep1) | String.EndsWith(ListItem.Plot,S2 Ep1) | String.EndsWith(ListItem.Plot,S3 Ep1) | String.EndsWith(ListItem.Plot,S4 Ep1) | String.EndsWith(ListItem.Plot,S5 Ep1) | String.EndsWith(ListItem.Plot,S6 Ep1) | String.EndsWith(ListItem.Plot,S7 Ep1) | String.EndsWith(ListItem.Plot,S8 Ep1) | String.EndsWith(ListItem.Plot,S9 Ep1) | String.EndsWith(ListItem.Plot,S10 Ep1) | String.EndsWith(ListItem.Plot,S11 Ep1) | String.EndsWith(ListItem.Plot,S12 Ep1) | String.EndsWith(ListItem.Plot,S13 Ep1) | String.EndsWith(ListItem.Plot,S14 Ep1) | String.EndsWith(ListItem.Plot,S15 Ep1) | String.EndsWith(ListItem.Plot,S16 Ep1) | String.EndsWith(ListItem.Plot,S17 Ep1) | String.EndsWith(ListItem.Plot,S18 Ep1) | String.EndsWith(ListItem.Plot,S19 Ep1) | String.EndsWith(ListItem.Plot,S20 Ep1) | String.EndsWith(ListItem.Plot,S21 Ep1) | String.EndsWith(ListItem.Plot,S22 Ep1) | String.EndsWith(ListItem.Plot,S23 Ep1) | String.EndsWith(ListItem.Plot,S24 Ep1) | String.EndsWith(ListItem.Plot,S25 Ep1) | String.StartsWith(ListItem.Genre,Movie)]">Conditional</animation>
						<animation effect="slide" start="0,0" end="25,0" condition="Integer.IsLess(ListItem.Duration(mins),11) + Integer.IsGreater(ListItem.Duration(mins),5) + [ListItem.IsNew | ListItem.IsPremiere | ListItem.IsFinale | ListItem.IsLive | string.EndsWith(ListItem.Plot,S1 Ep1) | String.EndsWith(ListItem.Plot,S2 Ep1) | String.EndsWith(ListItem.Plot,S3 Ep1) | String.EndsWith(ListItem.Plot,S4 Ep1) | String.EndsWith(ListItem.Plot,S5 Ep1) | String.EndsWith(ListItem.Plot,S6 Ep1) | String.EndsWith(ListItem.Plot,S7 Ep1) | String.EndsWith(ListItem.Plot,S8 Ep1) | String.EndsWith(ListItem.Plot,S9 Ep1) | String.EndsWith(ListItem.Plot,S10 Ep1) | String.EndsWith(ListItem.Plot,S11 Ep1) | String.EndsWith(ListItem.Plot,S12 Ep1) | String.EndsWith(ListItem.Plot,S13 Ep1) | String.EndsWith(ListItem.Plot,S14 Ep1) | String.EndsWith(ListItem.Plot,S15 Ep1) | String.EndsWith(ListItem.Plot,S16 Ep1) | String.EndsWith(ListItem.Plot,S17 Ep1) | String.EndsWith(ListItem.Plot,S18 Ep1) | String.EndsWith(ListItem.Plot,S19 Ep1) | String.EndsWith(ListItem.Plot,S20 Ep1) | String.EndsWith(ListItem.Plot,S21 Ep1) | String.EndsWith(ListItem.Plot,S22 Ep1) | String.EndsWith(ListItem.Plot,S23 Ep1) | String.EndsWith(ListItem.Plot,S24 Ep1) | String.EndsWith(ListItem.Plot,S25 Ep1) | String.StartsWith(ListItem.Genre,Movie)]">Conditional</animation>
					</control>
					
				</itemlayout>
				<focusedlayout height="62" width="60">
					<control type="image" id="2">
						<top>2</top>
						<left>2</left>
						<width>54</width>
						<height>58</height>
						<texture colordiffuse="button_focus">lists/focus.png</texture>
						<visible>Control.HasFocus($PARAM[control_id])</visible>
					</control>
					<control type="image" id="2">
						<width>58</width>
						<height>58</height>
						<texture border="8" colordiffuse="button_focus">buttons/thumbnail_focused.png</texture>
						<visible>!Control.HasFocus($PARAM[control_id]) + Skin.HasSetting(Enable_Estuary_Default_PVR_Genres)</visible>
					</control>
					<control type="image" id="2">
						<width>58</width>
						<height>58</height>
						<top>0</top>
						<texture border="3" fallback="windows/pvr/kodi_epg_strip_genre/0_Genre.png">$INFO[ListItem.Property(GenreType),windows/pvr/kodi_epg_strip_genre/0_Genre.png]</texture>
						<colordiffuse>0_Genre</colordiffuse>
						<visible>!Control.HasFocus($PARAM[control_id]) + Skin.HasSetting(Enable_Estuary_Default_PVR_Genres)</visible>
					</control>
					<control type="image" id="2"> 
						<width>58</width>
						<height>63</height>
						<top>0</top>
						<animation type="Focus"> 
							<effect type="zoom" start="100" end="112" time="200" tween="sine" easing="inout" center="150,10" />
						</animation>
						<texture border="3">$VAR[Enable_Kodi_PVR_Genre_Colours_Var]</texture>
						<visible>!Control.HasFocus($PARAM[control_id]) + !Skin.HasSetting(Enable_Kodi_PVR_Genres) + Skin.HasSetting(Enable_Estuary_Default_PVR_Genres)</visible>	
					</control>
					<control type="image" id="3">
						<width>58</width>
						<height>63</height>
						<texture border="3">$VAR[Enable_Default_PVR_Genre_Colours_Var]</texture>
						<visible>!Control.HasFocus($PARAM[control_id]) + !Skin.HasSetting(Enable_Estuary_Default_PVR_Genres)</visible>
					</control>
					<!-- Trial of font change from font 13 to default font -->
					<control type="label" id="1">
						<left>6</left>
						<top>-3</top>
						<height>36</height>
						<aligny>center</aligny>
						<label>$INFO[ListItem.Label] $VAR[PVR_Movie_Year_Guide_Screen_VAR]</label>
					</control>
					<control type="image">
						<visible>ListItem.IsNew | ListItem.IsPremiere | ListItem.IsFinale | ListItem.IsLive</visible>
						<left>0</left>
						<top>5</top>
						<width>60</width>
						<height>55</height>
						<aspectratio>keep</aspectratio>
						<texture>$VAR[PremieredFlags]</texture>
						<visible>!Integer.IsLess(ListItem.Duration(mins),6)</visible>
						<visible>!Skin.HasSetting(Display_Premiered_Flags)</visible>
					</control>
					<control type="image">
						<visible>ListItem.IsNew | ListItem.IsPremiere | ListItem.IsFinale | ListItem.IsLive</visible>
						<left>6</left>
						<top>32</top>
						<width>20</width>
						<height>20</height>
						<aspectratio>keep</aspectratio>
						<texture colordiffuse="white70">icons/pvr/premiere.png</texture>
						<visible>Skin.HasSetting(Display_Premiered_Flags)</visible>
					</control>
					<control type="image">
						<visible>!ListItem.IsNew</visible>
						<left>0</left>
						<top>5</top>
						<width>60</width>
						<height>55</height>
						<aspectratio>keep</aspectratio>
						<texture>$VAR[Text_Based_Premiere_Flags]</texture>
						<visible>!Skin.HasSetting(Display_Premiered_Flags)</visible>
					</control>
					<control type="image">
						<left>6</left>
						<top>32</top>
						<width>19</width>
						<height>19</height>
						<texture>$VAR[PVRTimerIcon]</texture>
						<animation effect="slide" start="0,0" end="30,0" condition="Integer.IsGreater(ListItem.Duration(mins),10) + [ListItem.IsNew | ListItem.IsPremiere | ListItem.IsFinale | ListItem.IsLive | string.EndsWith(ListItem.Plot,S1 Ep1) | String.EndsWith(ListItem.Plot,S2 Ep1) | String.EndsWith(ListItem.Plot,S3 Ep1) | String.EndsWith(ListItem.Plot,S4 Ep1) | String.EndsWith(ListItem.Plot,S5 Ep1) | String.EndsWith(ListItem.Plot,S6 Ep1) | String.EndsWith(ListItem.Plot,S7 Ep1) | String.EndsWith(ListItem.Plot,S8 Ep1) | String.EndsWith(ListItem.Plot,S9 Ep1) | String.EndsWith(ListItem.Plot,S10 Ep1) | String.EndsWith(ListItem.Plot,S11 Ep1) | String.EndsWith(ListItem.Plot,S12 Ep1) | String.EndsWith(ListItem.Plot,S13 Ep1) | String.EndsWith(ListItem.Plot,S14 Ep1) | String.EndsWith(ListItem.Plot,S15 Ep1) | String.EndsWith(ListItem.Plot,S16 Ep1) | String.EndsWith(ListItem.Plot,S17 Ep1) | String.EndsWith(ListItem.Plot,S18 Ep1) | String.EndsWith(ListItem.Plot,S19 Ep1) | String.EndsWith(ListItem.Plot,S20 Ep1) | String.EndsWith(ListItem.Plot,S21 Ep1) | String.EndsWith(ListItem.Plot,S22 Ep1) | String.EndsWith(ListItem.Plot,S23 Ep1) | String.EndsWith(ListItem.Plot,S24 Ep1) | String.EndsWith(ListItem.Plot,S25 Ep1) | String.StartsWith(ListItem.Genre,Movie)]">Conditional</animation>
						<animation effect="slide" start="0,0" end="25,0" condition="Integer.IsLess(ListItem.Duration(mins),11) + Integer.IsGreater(ListItem.Duration(mins),5) + [ListItem.IsNew | ListItem.IsPremiere | ListItem.IsFinale | ListItem.IsLive | string.EndsWith(ListItem.Plot,S1 Ep1) | String.EndsWith(ListItem.Plot,S2 Ep1) | String.EndsWith(ListItem.Plot,S3 Ep1) | String.EndsWith(ListItem.Plot,S4 Ep1) | String.EndsWith(ListItem.Plot,S5 Ep1) | String.EndsWith(ListItem.Plot,S6 Ep1) | String.EndsWith(ListItem.Plot,S7 Ep1) | String.EndsWith(ListItem.Plot,S8 Ep1) | String.EndsWith(ListItem.Plot,S9 Ep1) | String.EndsWith(ListItem.Plot,S10 Ep1) | String.EndsWith(ListItem.Plot,S11 Ep1) | String.EndsWith(ListItem.Plot,S12 Ep1) | String.EndsWith(ListItem.Plot,S13 Ep1) | String.EndsWith(ListItem.Plot,S14 Ep1) | String.EndsWith(ListItem.Plot,S15 Ep1) | String.EndsWith(ListItem.Plot,S16 Ep1) | String.EndsWith(ListItem.Plot,S17 Ep1) | String.EndsWith(ListItem.Plot,S18 Ep1) | String.EndsWith(ListItem.Plot,S19 Ep1) | String.EndsWith(ListItem.Plot,S20 Ep1) | String.EndsWith(ListItem.Plot,S21 Ep1) | String.EndsWith(ListItem.Plot,S22 Ep1) | String.EndsWith(ListItem.Plot,S23 Ep1) | String.EndsWith(ListItem.Plot,S24 Ep1) | String.EndsWith(ListItem.Plot,S25 Ep1) | String.StartsWith(ListItem.Genre,Movie)]">Conditional</animation>
					</control>
				</focusedlayout>
			</control>
			<control type="scrollbar" id="60">
				<right>0</right>
				<top>$PARAM[scrollbar_top]</top>
				<width>12</width>
				<height>550</height>
				<onleft>10</onleft>
				<onright>10</onright>
				<orientation>vertical</orientation>
				<texturesliderbackground colordiffuse="22FFFFFF">colors/white.png</texturesliderbackground>
				<animation effect="fade" start="100" end="40" time="0" condition="!system.getbool(input.enablemouse)">Conditional</animation>
				<visible>Control.IsVisible($PARAM[control_id])</visible>
			</control>
		</definition>
	</include>
	<include name="PVRInfoPanelFurniture">
			<control type="label">
				<left>410</left>
				<top>-65</top>
				<right>80</right>
				<height>290</height>
				<width>805</width>
				<scroll>true</scroll>
				<font>font37</font>
				<label>[B][COLOR button_focus]$INFO[VideoPlayer.Title][/COLOR][/B]</label>
				<align>left</align>
				<shadowcolor>black</shadowcolor>
				<autoscroll delay="5000" repeat="7500" time="5000"></autoscroll>
				<animation effect="slide" start="0,0" end="0,15" condition="String.IsEmpty(VideoPlayer.Season)">Conditional</animation>
				<visible>false</visible>
			</control>
			<control type="image"> 
				<left>410</left>
				<top>10</top>
				<width>150</width>
				<height>50</height>
				<aspectratio>keep</aspectratio>
				<texture>ratings/imdb/imdb.png</texture>
				<visible>!Pvr.IsPlayingRadio | Pvr.IsPlayingRecording</visible>
				<animation effect="slide" start="0,0" end="0,-35" condition="!String.IsEmpty(VideoPlayer.Season)">Conditional</animation>
			</control>
			<control type="image">
				<left>500</left>
				<top>17</top>
				<width>120</width>
				<height>30</height>
				<texture fallback="ratings/imdb/0.0.png" colordiffuse="yellow">$VAR[IMDB_Rating_VAR]</texture>
				<visible>!Pvr.IsPlayingRadio | Pvr.IsPlayingRecording</visible>
				<animation effect="slide" start="0,0" end="0,-35" condition="!String.IsEmpty(VideoPlayer.Season)">Conditional</animation>
			</control>
			<control type="label">
				<left>625</left>
				<top>17</top>
				<width>120</width>
				<height>30</height>
				<font>fontSubMenu</font>
				<label> |           </label>
				<visible>!Pvr.IsPlayingRadio</visible>
				<animation effect="slide" start="0,0" end="0,-35" condition="!String.IsEmpty(VideoPlayer.Season)">Conditional</animation>
			</control>
			<control type="image">
				<left>650</left>
				<top>18</top>
				<width>40</width>
				<height>30</height>
				<texture>ratings/tmdb/tmdb.png</texture>
				<visible>!Pvr.IsPlayingRadio | !VideoPlayer.Content(musicvideos) | Pvr.IsPlayingRecording</visible>
				<animation effect="slide" start="0,0" end="0,-35" condition="!String.IsEmpty(VideoPlayer.Season)">Conditional</animation>
			</control>
			<control type="image">
				<left>708</left>
				<top>16</top>
				<width>36</width>
				<height>36</height>
				<texture fallback="ratings/tmdb/0.0.png">$VAR[TMDB_Rating_VAR]</texture>
				<visible>!Pvr.IsPlayingRadio | !VideoPlayer.Content(musicvideos) | Pvr.IsPlayingRecording</visible>
				<animation effect="slide" start="0,0" end="0,-35" condition="!String.IsEmpty(VideoPlayer.Season)">Conditional</animation>
			</control>
			<control type="label">
				<left>754</left>
				<top>17</top>
				<width>120</width>
				<height>30</height>
				<font>fontSubMenu</font>
				<label> | </label>
				<visible>!Pvr.IsPlayingRadio</visible>
				<animation effect="slide" start="0,0" end="0,-35" condition="!String.IsEmpty(VideoPlayer.Season)">Conditional</animation>
			</control>
			<control type="image"> 
				<left>779</left>
				<top>19</top>
				<width>40</width>
				<height>30</height>
				<texture fallback="flags/videoresolution/sd.png">$VAR[Video_Res_OSD_Flag_Var,flags/hdtv/,.png]</texture>
				<visible>!Pvr.IsPlayingRadio | Pvr.IsPlayingRecording</visible>
				<animation effect="slide" start="0,0" end="0,-35" condition="!String.IsEmpty(VideoPlayer.Season)">Conditional</animation>
			</control>
			<control type="label">
				<left>825</left>
				<top>17</top>
				<width>120</width>
				<height>30</height>
				<font>fontSubMenu</font>
				<label> | </label>
				<visible>!Pvr.IsPlayingRadio</visible>
				<animation effect="slide" start="0,0" end="0,-35" condition="!String.IsEmpty(VideoPlayer.Season)">Conditional</animation>
			</control>
			<control type="image">
				<top>13</top>
				<left>845</left>
				<height>70</height>
				<width>110</width>
				<textcolor>white</textcolor>
				<texture>flags/runtime/duration.png</texture>
				<visible>!Pvr.IsPlayingRadio</visible>
				<animation effect="slide" start="0,0" end="0,-35" condition="!String.IsEmpty(VideoPlayer.Season)">Conditional</animation>
			</control>
			<control type="label">
				<top>31</top>
				<left>775</left>
				<align>center</align>
				<width>250</width>
				<font>font_flag</font>
				<textcolor>white</textcolor>
				<label>[B][COLOR white30] $VAR[PVR_Duration_Var] [/COLOR][/B]</label>
				<visible>!Pvr.IsPlayingRadio + !Pvr.IsPlayingRecording</visible>
				<animation effect="slide" start="0,0" end="0,-35" condition="!String.IsEmpty(VideoPlayer.Season)">Conditional</animation>
			</control>
			<control type="label">
				<top>31</top>
				<left>775</left>
				<align>center</align>
				<width>250</width>
				<font>font_flag</font>
				<textcolor>white</textcolor>
				<label>[B][COLOR white30] $VAR[NowPlayingDurVar] [/COLOR][/B]</label>
				<visible>!Pvr.IsPlayingRadio + Pvr.IsPlayingRecording</visible>
				<animation effect="slide" start="0,0" end="0,-35" condition="!String.IsEmpty(VideoPlayer.Season)">Conditional</animation>
			</control>
			<control type="image">
				<top>11</top>
				<left>410</left>
				<height>70</height>
				<width>110</width>
				<textcolor>white</textcolor>
				<texture>flags/runtime/duration.png</texture>
				<visible>Pvr.IsPlayingRadio</visible>
				<animation effect="slide" start="0,0" end="0,-35" condition="!String.IsEmpty(VideoPlayer.Season)">Conditional</animation>
			</control>
			<control type="label">
				<top>29</top>
				<left>340</left>
				<align>center</align>
				<width>250</width>
				<font>font_flag</font>
				<textcolor>white</textcolor>
				<label>[B][COLOR white30] $VAR[PVR_Duration_Var] [/COLOR][/B]</label>
				<visible>Pvr.IsPlayingRadio</visible>
				<animation effect="slide" start="0,0" end="0,-35" condition="!String.IsEmpty(VideoPlayer.Season)">Conditional</animation>
			</control>
			<control type="label">
				<left>945</left>
				<top>17</top>
				<width>120</width>
				<height>30</height>
				<font>fontSubMenu</font>
				<label> | </label>
				<visible>!Pvr.IsPlayingRadio</visible>
				<animation effect="slide" start="0,0" end="0,-35" condition="!String.IsEmpty(VideoPlayer.Season)">Conditional</animation>
				<visible>false</visible>
			</control>
			<control type="image">
				<left>962</left>
				<top>13</top>
				<width>40</width>
				<height>37</height>
				<texture>icons/pvr/mpaa.png</texture>
				<visible>!Pvr.IsPlayingRadio</visible>
				<animation effect="slide" start="0,0" end="0,-35" condition="!String.IsEmpty(VideoPlayer.Season)">Conditional</animation>
				<visible>false</visible>
			</control>
			<control type="image">
				<left>1005</left>
				<top>13</top>
				<right>200</right>
				<width>45</width>
				<height>45</height>
				<texture fallback="flags/mpaa/rated1.png">$VAR[Mpaa_flags_Var,flags/mpaa/,.png]</texture>
				<visible>!Pvr.IsPlayingRadio</visible>
				<animation effect="slide" start="0,0" end="0,-35" condition="!String.IsEmpty(VideoPlayer.Season)">Conditional</animation>
				<visible>false</visible>
			</control>
			<control type="label">
				<left>1005</left>
				<top>13</top>
				<right>200</right>
				<width>400</width>
				<height>45</height>
				<font>font12</font>
				<label>$INFO[Window(Home).Property(SkinHelper.Player.MPAA)]</label>
				<visible>!Pvr.IsPlayingRadio</visible>
				<animation effect="slide" start="0,0" end="0,-35" condition="!String.IsEmpty(VideoPlayer.Season)">Conditional</animation>
				<visible>false</visible>
			</control>
			<control type="image">
				<top>13</top>
				<right>40</right>
				<width>170</width>
				<height>50</height>
				<texture>lists/airdate.png</texture>
				<animation effect="slide" start="0,0" end="0,-35" condition="!String.IsEmpty(VideoPlayer.Season)">Conditional</animation>
				<visible>!Pvr.IsPlayingRecording</visible>
			</control>
			<control type="label">
				<top>32</top>
				<right>57</right>
				<align>right</align>
				<width>200</width>
				<height>50</height>
				<font>font_flag</font>
				<label fallback="Not Listed">$INFO[VideoPlayer.Premiered]</label>
				<animation effect="slide" start="0,0" end="0,-35" condition="!String.IsEmpty(VideoPlayer.Season)">Conditional</animation>
				<visible>!Pvr.IsPlayingRecording</visible>
			</control>
			
			<control type="label">
				<top>59</top>
				<right>56</right>
				<align>right</align>
				<width>200</width>
				<height>50</height>
				<font>font_flag</font>
				<label fallback="Not Listed">$VAR[LiveTV_Programme_Status_Info_Panel]</label>
				<animation effect="slide" start="0,0" end="0,-35" condition="!String.IsEmpty(VideoPlayer.Season)">Conditional</animation>
				<visible>false</visible>
			</control>
			
			
					
					<control type="image">
						<top>47</top>
						<right>232</right>
						<width>45</width>
						<height>45</height>
						<aligny>center</aligny>
						<texture>osd/fullscreen/buttons/record.png</texture>
						<visible>[PVR.IsRecordingPlayingChannel + !Player.ChannelPreviewActive]</visible>
					<animation effect="slide" start="0,0" end="0,0" condition="!String.IsEmpty(VideoPlayer.Season)">Conditional</animation>
					</control>
					<control type="label">
						<top>39</top>
						<right>-170</right>
						<width>400</width>
						<height>60</height>
						<aligny>center</aligny>
						<font>font_flag</font>
						<label>[COLOR red][B]$LOCALIZE[19158][/B][/COLOR]</label>
						<visible>[PVR.IsRecordingPlayingChannel + !Player.ChannelPreviewActive]</visible>
					<animation effect="slide" start="0,0" end="0,0" condition="!String.IsEmpty(VideoPlayer.Season)">Conditional</animation>
					</control>
			
			
			<control type="image">
				<top>-7</top>
				<right>215</right>
				<width>75</width>
				<height>75</height>
				<aligny>center</aligny>
				<texture>osd/fullscreen/buttons/WatchingRecording.png</texture>
				<animation effect="slide" start="0,0" end="0,-35" condition="!String.IsEmpty(VideoPlayer.Season)">Conditional</animation>
				<visible>Pvr.IsPlayingRecording</visible>
			</control>
			<control type="image">
				<right>30</right>
				<top>10</top>
				<width>190</width>
				<height>1</height>
				<aligny>center</aligny>
				<texture>colors/white.png</texture>
				<visible>false</visible>
			</control>
			<control type="label">
				<top>18</top>
				<right>30</right>
				<width>200</width>
				<align>right</align>
				<font>font_flag</font>
				<label>[COLOR limegreen][B]Watching Recording[/B][/COLOR]</label>
				<animation effect="slide" start="0,0" end="0,-35" condition="!String.IsEmpty(VideoPlayer.Season)">Conditional</animation>
				<visible>Pvr.IsPlayingRecording</visible>
			</control>
			
			<control type="label">
				<left>410</left>
				<top>56</top>
				<height>290</height>
				<width>150</width>
				<font>font12</font>
				<label>[B]$LOCALIZE[515]:[/B]</label> 
				<visible>!Pvr.IsPlayingRadio</visible>
				<animation effect="slide" start="0,0" end="0,-37" condition="!String.IsEmpty(VideoPlayer.Season)">Conditional</animation>
			</control> 
			<control type="image"> 
				<left>503</left>
				<top>55</top>
				<width>38</width>
				<height>38</height>
				<texture >$VAR[PVR_INFO_PANEL_Genre_Icon_VAR,flags/epggenreicons/,.png]</texture> 
				<visible>true</visible>
				<animation effect="slide" start="0,0" end="0,-37" condition="!String.IsEmpty(VideoPlayer.Season)">Conditional</animation>
			</control>
			<control type="label">
				<left>503</left>
				<top>56</top>
				<height>290</height>
				<width>1000</width>
				<font>font12</font>
				<label>[B]$INFO[VideoPlayer.Genre][/B]</label>  
				<animation effect="slide" start="0,0" end="47,0" condition="String.StartsWith(VideoPlayer.Genre,Movie)">Conditional</animation>
				<animation effect="slide" start="0,0" end="47,0" condition="String.Contains(VideoPlayer.Genre,News) | String.Contains(VideoPlayer.Genre,Documentary) | String.Contains(VideoPlayer.Genre,Game Show) + !String.Contains(VideoPlayer.Genre,Darts)">Conditional</animation>
				<animation effect="slide" start="0,0" end="47,0" condition="String.Contains(VideoPlayer.Genre,Football) | String.Contains(VideoPlayer.Genre,Soccer) | String.Contains(VideoPlayer.Genre,Rugby) | String.Contains(VideoPlayer.Genre,Snooker) | String.Contains(VideoPlayer.Genre,Cycling) | String.Contains(VideoPlayer.Genre,Cricket) | String.Contains(VideoPlayer.Genre,Darts) | String.Contains(VideoPlayer.Genre,Motorsport) | String.Contains(VideoPlayer.Genre,Auto Racing) | String.Contains(VideoPlayer.Genre,Tennis) | String.Contains(VideoPlayer.Genre,Wrestling) | String.Contains(VideoPlayer.Genre,Motorcycle Racing) | String.Contains(VideoPlayer.Genre,Horse Racing) | String.Contains(VideoPlayer.Genre,Boxing)">Conditional</animation>
				<animation effect="slide" start="0,0" end="47,0" condition="String.Contains(VideoPlayer.Genre,Drama) + !String.Contains(VideoPlayer.Genre,Movie) + !String.Contains(VideoPlayer.Genre,Science Fiction)">Conditional</animation>
				<visible>!Pvr.IsPlayingRadio</visible>
				<animation effect="slide" start="0,0" end="0,-37" condition="!String.IsEmpty(VideoPlayer.Season)">Conditional</animation>
			</control>
			<control type="label">
				<left>410</left>
				<top>56</top>
				<right>80</right>
				<height>290</height>
				<width>1375</width>
				<font>font12</font>
				<label>[B][COLOR button_focus]$LOCALIZE[31170]: [/COLOR]$INFO[MusicPlayer.Genre][/B]</label> 
				<align>left</align>
				<autoscroll delay="5000" repeat="7500" time="5000"></autoscroll>
				<visible>Pvr.IsPlayingRadio</visible>
			</control>
			
			<control type="textbox">
				<left>485</left>
				<top>70</top>
				<right>20</right>
				<height>130</height>
				<label>[B]$INFO[RDS.Artist] [CR]$INFO[MusicPlayer.Title][/B]</label>
				<align>justify</align>
				<visible>Player.HasAudio + RDS.HasRds + !String.IsEmpty(RDS.Artist)</visible>
			</control>
			<control type="image">
				<left>405</left>
				<top>65</top>
				<width>50</width>
				<height>50</height>
				<texture>DefaultArtist.png</texture>
				<visible>Player.HasAudio + RDS.HasRds + !String.IsEmpty(RDS.Artist)</visible>
			</control>	
			<control type="multiimage">
                <left>410</left>
				<top>115</top>
                <imagepath>icons/equalizer_colour</imagepath>
                <width>40</width>
                <height>30</height>
				<aspectratio>keep</aspectratio>
                <fadetime>50</fadetime>
                <timeperimage>50</timeperimage>
                <randomize>true</randomize>
                <visible>!Skin.HasSetting(music_equalizer(coloured))</visible>
				<visible>Player.HasAudio + RDS.HasRds + !String.IsEmpty(RDS.Artist)</visible>
			</control>
			<control type="multiimage">
                <left>410</left>
				<top>115</top>
                <imagepath colordiffuse="white">icons/equalizer</imagepath>
                <width>40</width>
                <height>30</height>
				<aspectratio>keep</aspectratio>
                <fadetime>50</fadetime>
                <timeperimage>50</timeperimage>
                <randomize>true</randomize>
                <visible>Skin.HasSetting(music_equalizer(coloured))</visible>
				<visible>Player.HasAudio + RDS.HasRds + !String.IsEmpty(RDS.Artist)</visible>
			</control>
			
			<control type="label">
				<left>410</left>
				<top>50</top>
				<right>80</right>
				<height>290</height>
				<width>1500</width>
				<scroll>true</scroll>
				<label>[B][COLOR button_focus]$INFO[VideoPlayer.Season,[COLOR white]Season [/COLOR]][COLOR white],[/COLOR][/COLOR] [COLOR button_focus]$INFO[VideoPlayer.Episode,[COLOR white] Episode [/COLOR]][/COLOR] [COLOR white] $INFO[VideoPlayer.EpisodeName,(,)][/COLOR][/B]</label>
				<align>left</align>
				<shadowcolor>black</shadowcolor>
				<autoscroll delay="5000" repeat="7500" time="5000"></autoscroll>
				<visible>!String.IsEmpty(VideoPlayer.Season) + !String.IsEmpty(VideoPlayer.Episode) + String.Contains(,)</visible>
			</control>
			<control type="textbox">
				<left>410</left>
				<top>140</top>
				<right>30</right>
				<height>130</height>
				<label fallback="19055">$INFO[VideoPlayer.Plot]</label>
				<align>justify</align>
				<autoscroll delay="5000" repeat="7500" time="5000"></autoscroll>
				<visible>Player.HasAudio + RDS.HasRds + String.IsEmpty(RDS.Artist)</visible>
				<animation effect="slide" start="0,0" end="0,-40" condition="String.IsEmpty(VideoPlayer.Season)">Conditional</animation>
				<animation effect="slide" start="0,0" end="0,-40" condition="string.Contains(Player.Folderpath,iplayer) + !Player.HasAudio">Conditional</animation>
			</control>
			<control type="textbox">
				<left>410</left>
				<top>95</top>
				<right>30</right>
				<height>130</height>
				<label fallback="19055">$INFO[VideoPlayer.Plot]</label>
				<align>justify</align>
				<autoscroll delay="5000" repeat="7500" time="5000"></autoscroll>
				<visible>Pvr.IsPlayingTv | Pvr.IsPlayingRecording | Player.HasAudio + !RDS.HasRds</visible>
				<animation effect="slide" start="0,0" end="0,0" condition="String.IsEmpty(VideoPlayer.Season)">Conditional</animation>
			</control>
			<control type="image">
				<left>400</left>
				<bottom>470</bottom>
				<width>500</width>
				<height>281</height>
				<texture background="true">$VAR[PlayerInfoClearLogoVar]</texture> 
				<aspectratio align="center" aligny="bottom">keep</aspectratio>
				<visible>!Pvr.IsPlayingTv + !Pvr.IsPlayingRadio</visible>
			</control>
	</include>
</includes>
