<?xml version="1.0" encoding="UTF-8"?>
<window>
	<defaultcontrol>9000</defaultcontrol>
	<backgroundcolor>background</backgroundcolor>
	<onload condition="String.IsEmpty(Skin.String(background_overlay))">Skin.SetString(background_overlay,1)</onload>
	<controls>
		<include>DefaultBackground</include>
		<control type="multiimage">
			<depth>DepthBackground</depth>
			<include>FullScreenDimensions</include>
			<aspectratio>scale</aspectratio>
			<fadetime>600</fadetime>
			<animation effect="zoom" center="auto" end="102,102" time="0" condition="Integer.IsGreater(System.StereoscopicMode,0)">conditional</animation>
			<animation effect="fade" start="0" end="100" time="400">WindowOpen</animation>
			<animation effect="fade" start="100" end="0" time="300">WindowClose</animation>
			<animation effect="fade" time="400">VisibleChange</animation>
			<imagepath background="true" colordiffuse="bg_overlay">$INFO[Skin.String(HomeFanart.path)]settings$INFO[Skin.String(HomeFanart.ext)]</imagepath>
			<visible>!Player.HasMedia + !String.IsEmpty(Skin.String(HomeFanart.path))</visible>
		</control>
		<control type="group" id="10000">
			<left>470</left>
			<include>OpenClose_Right</include>
			<control type="grouplist" id="700">
				<top>160</top>
				<left>0</left>
				<right>0</right>
				<bottom>140</bottom>
				<onleft>9000</onleft>
				<onright>60</onright>
				<onup>700</onup>
				<ondown>700</ondown>
				<visible>Container(9000).HasFocus(3)</visible>
				<control type="radiobutton" id="701">
					<label>$LOCALIZE[31095]</label>
					<include>DefaultSettingButton</include>
					<selected>!Skin.HasSetting(no_slide_animations)</selected>
					<onclick>Skin.ToggleSetting(no_slide_animations)</onclick>
				</control>
				<control type="radiobutton" id="702">
					<label>$LOCALIZE[20189]</label>
					<include>DefaultSettingButton</include>
					<onclick>Skin.ToggleSetting(autoscroll)</onclick>
					<selected>Skin.HasSetting(autoscroll)</selected>
				</control>
				<control type="radiobutton" id="703">
					<label>$LOCALIZE[31158]</label>
					<include>DefaultSettingButton</include>
					<onclick>Skin.ToggleSetting(touchmode)</onclick>
					<selected>Skin.HasSetting(touchmode)</selected>
				</control>
				<control type="radiobutton" id="704">
					<label>$LOCALIZE[40386]</label>
					<include>DefaultSettingButton</include>
					<onclick>Skin.ToggleSetting(Enable_Top_Bar_Breadcrumbs)</onclick>
					<selected>!Skin.HasSetting(Enable_Top_Bar_Breadcrumbs)</selected> 
				</control>
				<control type="radiobutton" id="705">
					<label>$LOCALIZE[40387]</label>
					<include>DefaultSettingButton</include>
					<onclick condition="!String.IsEmpty(Weather.Plugin)">Skin.ToggleSetting(show_weatherinfo)</onclick>
					<onclick condition="String.IsEmpty(Weather.Plugin)">ActivateWindow(servicesettings,weather)</onclick>
					<selected>Skin.HasSetting(show_weatherinfo) + !String.IsEmpty(Weather.Plugin)</selected>
				</control>
				<control type="radiobutton" id="706">
					<label>Display Weather Info on Top-Bar When OSD is Activated During Playback</label>
					<include>DefaultSettingButton</include>
					<onclick>Skin.ToggleSetting(Display_Weatherinfo_During_Playback)</onclick>
					<selected>!Skin.HasSetting(Display_Weatherinfo_During_Playback)</selected> 
				</control>
				<control type="radiobutton" id="707">
					<label>$LOCALIZE[40388]</label>
					<include>DefaultSettingButton</include>
					<onclick>Skin.ToggleSetting(hide_mediaflags)</onclick>
					<selected>!Skin.HasSetting(hide_mediaflags)</selected>
				</control>
				<control type="radiobutton" id="708">
					<label>$LOCALIZE[31218]</label>
					<include>DefaultSettingButton</include>
					<onclick>Skin.ToggleSetting(show_mediaendtimeflag)</onclick>
					<selected>!Skin.HasSetting(show_mediaendtimeflag)</selected>
				</control>
				<control type="radiobutton" id="709">
					<label>Display Library Stats on System Info Window</label>
					<include>DefaultSettingButton</include>
					<onclick>Skin.ToggleSetting(display_library_stats)</onclick>
					<selected>Skin.HasSetting(display_library_stats)</selected>
				</control>
				<control type="button" id="710">
					<label>$LOCALIZE[31024]</label>
					<include>DefaultSettingButton</include>
					<onclick>Skin.SelectBool($LOCALIZE[31024], 38018|circle_userrating, 563|circle_rating, 16018|)</onclick>
					<label2>$VAR[RatingSettingLabel2Var]</label2>
				</control>
			</control>
			
			<control type="grouplist" id="725">
				<top>160</top>
				<left>0</left>
				<right>0</right>
				<bottom>140</bottom>
				<onleft>9000</onleft>
				<onright>60</onright>
				<onup>725</onup>
				<ondown>725</ondown>
				<visible>Container(9000).HasFocus(2)</visible>
				<control type="radiobutton" id="730">
					<label>Display Smaller Sized Movie & TV Show Posters on Home Screen</label>
					<include>DefaultSettingButton</include>
					<onclick>Skin.ToggleSetting(home_screen_poster_size)</onclick>
					<selected>Skin.HasSetting(home_screen_poster_size)</selected>
				</control>
				<control type="radiobutton" id="731">
					<label>Display Media Title / PVR Info Labels After Widget Heading</label>
					<include>DefaultSettingButton</include>
					<onclick>Skin.ToggleSetting(HideWidgetLabels)</onclick>
					<selected>Skin.HasSetting(HideWidgetLabels)</selected>
				</control>
				<control type="radiobutton" id="732">
					<label>$LOCALIZE[31168]</label>
					<include>DefaultSettingButton</include>
					<onclick>Skin.ToggleSetting(show_musicvideoposter)</onclick>
					<selected>Skin.HasSetting(show_musicvideoposter)</selected>
				</control>
				<control type="radiobutton" id="733"> 
					<include>DefaultSettingButton</include>
					<label>Enable TV Highlights Widget on Live TV Home Screen.</label>
					<selected>Skin.HasSetting(Enable_TV_Highlights)</selected>
					<onclick>Skin.ToggleSetting(Enable_TV_Highlights)</onclick>
				</control>
				<control type="radiobutton" id="734"> 
					<include>DefaultSettingButton</include>
					<label>Enable Context Menu Options to Choose and Update Scraper for TV Highlights Widget.</label>
					<selected>Skin.HasSetting(Enable_TV_Highlights_Context_Menu)</selected>
					<onclick>Skin.ToggleSetting(Enable_TV_Highlights_Context_Menu)</onclick>
				</control>
			</control>
			
			<control type="grouplist" id="750">
				<top>160</top>
				<left>0</left>
				<right>0</right>
				<bottom>140</bottom>
				<onleft>9000</onleft>
				<onright>60</onright>
				<onup>750</onup>
				<ondown>750</ondown>
				<visible>Container(9000).HasFocus(4)</visible>
				<control type="radiobutton" id="751">
					<label>Display Colourised OSD Info Panel</label>
					<include>DefaultSettingButton</include>
					<onclick>Skin.ToggleSetting(osd_type)</onclick>
					<selected>!Skin.HasSetting(osd_type)</selected> 
				</control>
				<control type="radiobutton" id="752">
					<label>Display Coloured Equalizer Animation on Music OSD</label>
					<include>DefaultSettingButton</include>
					<onclick>Skin.ToggleSetting(music_equalizer(coloured))</onclick>
					<selected>!Skin.HasSetting(music_equalizer(coloured))</selected>
				</control>
				<control type="radiobutton" id="753">
					<label>Display Clearart Above OSD for Movies and TV shows</label>
					<include>DefaultSettingButton</include>
					<onclick>Skin.ToggleSetting(enable_clearart)</onclick>
					<selected>Skin.HasSetting(enable_clearart)</selected>
				</control>
				<control type="button" id="754">
					<label>$LOCALIZE[40377]</label>
					<label2>$INFO[Skin.String(autoclose_osd)]</label2>
					<include>DefaultSettingButton</include>
					<description>autoclose OSD menu</description>
					<onclick condition="String.IsEmpty(Skin.String(autoclose_osd))">Skin.SetString(autoclose_osd,$LOCALIZE[40378])</onclick>
					<onclick condition="String.IsEqual(Skin.String(autoclose_osd),$LOCALIZE[40384])">Skin.SetString(autoclose_osd,$LOCALIZE[40378])</onclick>
					<onclick condition="String.IsEqual(Skin.String(autoclose_osd),$LOCALIZE[40383])">Skin.SetString(autoclose_osd,$LOCALIZE[40384])</onclick>
					<onclick condition="String.IsEqual(Skin.String(autoclose_osd),$LOCALIZE[40382])">Skin.SetString(autoclose_osd,$LOCALIZE[40383])</onclick>
					<onclick condition="String.IsEqual(Skin.String(autoclose_osd),$LOCALIZE[40381])">Skin.SetString(autoclose_osd,$LOCALIZE[40382])</onclick>
					<onclick condition="String.IsEqual(Skin.String(autoclose_osd),$LOCALIZE[40380])">Skin.SetString(autoclose_osd,$LOCALIZE[40381])</onclick>
					<onclick condition="String.IsEqual(Skin.String(autoclose_osd),$LOCALIZE[40378])">Skin.SetString(autoclose_osd,$LOCALIZE[40380])</onclick>
					<onclick condition="!String.IsEmpty(Skin.String(autoclose_osd)) + !String.IsEqual(Skin.String(autoclose_osd),$LOCALIZE[40378]) + !String.IsEqual(Skin.String(autoclose_osd),$LOCALIZE[40380]) + !String.IsEqual(Skin.String(autoclose_osd),$LOCALIZE[40381]) + !String.IsEqual(Skin.String(autoclose_osd),$LOCALIZE[40382]) + !String.IsEqual(Skin.String(autoclose_osd),$LOCALIZE[40383]) + !String.IsEqual(Skin.String(autoclose_osd),$LOCALIZE[40384])">Skin.SetString(autoclose_osd,$LOCALIZE[40378])</onclick>
				</control>
			</control>
			
			<control type="grouplist" id="800">
				<top>160</top>
				<left>0</left>
				<right>0</right>
				<bottom>140</bottom>
				<onleft>9000</onleft>
				<onright>60</onright>
				<onup>800</onup>
				<ondown>800</ondown>
				<visible>Container(9000).HasFocus(6)</visible>
				<control type="radiobutton" id="801">
					<include>DefaultSettingButton</include>
					<label>Use 'Backend' for PVR Artwork</label>
					<selected>Skin.HasSetting(Backend.PVR.Artwork)</selected> 
					<onclick>Skin.ToggleSetting(Backend.PVR.Artwork)</onclick>
				</control>
				<control type="radiobutton" id="802">
					<include>DefaultSettingButton</include>
					<label>Use Skin Helper Script to Help Find Any Missing PVR Artwork</label>
					<selected>Skin.HasSetting(SkinHelper.EnablePVRThumbs)</selected>
					<onclick>Skin.ToggleSetting(SkinHelper.EnablePVRThumbs)</onclick>
				</control>
				<control type="radiobutton" id="803">
					<include>DefaultSettingButton</include>
					<label>Use Local PVR Artwork</label>
					<selected>Skin.HasSetting(Enable.Local.PVR.Artwork)</selected>
					<onclick>Skin.ToggleSetting(Enable.Local.PVR.Artwork)</onclick>
				</control>
				<control type="button" id="804">
					<label>Set Path For Local PVR Artwork</label>
					<label2>$VAR[PVR_Local_path]</label2>
					<include>DefaultSettingButton</include>
					<selected>!Skin.HasSetting(Local.PVR.Artwork)</selected>
					<onclick>Skin.SetPath(Local.PVR.Artwork)</onclick>
				</control>
				<control type="radiobutton" id="805">
					<include>DefaultSettingButton</include>
					<label>Display Landscape format artwork instead of PVR Poster artwork</label>
					<selected>Skin.HasSetting(Display_Landscape_Format_Artwork_LiveTV)</selected>
					<onclick>Skin.ToggleSetting(Display_Landscape_Format_Artwork_LiveTV)</onclick>
				</control>
				<control type="radiobutton" id="807">
					<include>DefaultSettingButton</include>
					<label>Display Landscape Image for TV Recordings on Home Screen Instead of Default Estuary Setting</label>
					<selected>!Skin.HasSetting(Display_TV_Recording_Image)</selected>
					<onclick>Skin.ToggleSetting(Display_TV_Recording_Image)</onclick> 
				</control>
				<control type="radiobutton" id="808">
					<include>DefaultSettingButton</include>
					<label>Display Fanart Image for Last Channel Played on Home Screen Instead of Channel Icon</label>
					<selected>Skin.HasSetting(Display_Last_Channel_Artwork)</selected>
					<onclick>Skin.ToggleSetting(Display_Last_Channel_Artwork)</onclick> 
				</control>
			</control>
			
			<control type="grouplist" id="850">
				<top>160</top>
				<left>0</left>
				<right>0</right>
				<bottom>140</bottom>
				<onleft>9000</onleft>
				<onright>60</onright>
				<onup>850</onup>
				<ondown>850</ondown>
				<visible>Container(9000).HasFocus(7)</visible>
				<control type="button" id="809">
					<label>Set Number of Hours to Display on EPG Timeline</label> 
					<include>DefaultSettingButton</include> 
					<onclick>Skin.SelectBool($LOCALIZE[40408], 40402|1_Hour, 40403|1_5_Hours, 40401|, 40405|2_5_Hours, 40406|3_Hours, 40407|4_Hours)</onclick> 
					<label2>$VAR[Set_EPG_TimeBlock_Hours_Var]</label2>
				</control>
				<control type="radiobutton" id="810">
					<label>Hide Channel Number on EPG Screen</label>
					<include>DefaultSettingButton</include>
					<onclick>Skin.ToggleSetting(hide_channelnumber)</onclick>
					<selected>Skin.HasSetting(hide_channelnumber)</selected> 
				</control>
				<control type="radiobutton" id="811">
					<include>DefaultSettingButton</include>
					<label>Display Channel Groups on EPG Screen</label>
					<selected>!Skin.HasSetting(ShowPVRGroups)</selected>
					<onclick>Skin.ToggleSetting(ShowPVRGroups)</onclick>
				</control>
				<control type="radiobutton" id="812">
					<include>DefaultSettingButton</include>
					<label>Display Premiered Flags on EPG Screen Instead of Using '*'</label>
					<selected>!Skin.HasSetting(Display_Premiered_Flags)</selected>
					<onclick>Skin.ToggleSetting(Display_Premiered_Flags)</onclick> 
				</control>
					<control type="radiobutton" id="813">
					<include>DefaultSettingButton</include>
					<label>Display Standard Block Genre Colours on EPG Screen Instead of Strip Genre Colours</label>
					<selected>!Skin.HasSetting(Enable_Estuary_Default_PVR_Genres)</selected>
					<onclick>Skin.ToggleSetting(Enable_Estuary_Default_PVR_Genres)</onclick> 
				</control>
				<control type="radiobutton" id="814">
					<include>DefaultSettingButton</include>
					<label>Display Genre Colours on EPG Screen</label>
					<selected>!Skin.HasSetting(Enable_Kodi_PVR_Genres)</selected>
					<onclick>Skin.ToggleSetting(Enable_Kodi_PVR_Genres)</onclick> 
					<visible>false</visible>
				</control>
				<control type="radiobutton" id="815">
					<label>Display Media Flag for TV Recordings Added to Movie and TV Show Libraries (.TS Files Only)</label>
					<include>DefaultSettingButton</include>
					<onclick>Skin.ToggleSetting(show_TV_recording_flag)</onclick>
					<selected>Skin.HasSetting(show_TV_recording_flag)</selected> 
				</control>
				<control type="radiobutton" id="816"> 
					<include>DefaultSettingButton</include>
					<label>Enable 'Next-Up' Dialog When Current Programme is About to End</label>
					<selected>!Skin.HasSetting(Show_NextUp_TV)</selected>
					<onclick>Skin.ToggleSetting(Show_NextUp_TV)</onclick>
				</control>
				<control type="radiobutton" id="817">
					<include>DefaultSettingButton</include>
					<label>Display Channel Icon on PVR Channels OSD instead of PVR Poster Artwork</label>
					<selected>Skin.HasSetting(Show_Channel_Icon_On_PVRChannels_OSD)</selected>
					<onclick>Skin.ToggleSetting(Show_Channel_Icon_On_PVRChannels_OSD)</onclick>
				</control>
				<control type="radiobutton" id="818">
					<include>DefaultSettingButton</include>
					<label>Display Channel Number and Name on OSD instead of the top right Breadcrumb</label>
					<selected>!Skin.HasSetting(Show_Channel_Name_On_OSD)</selected>
					<onclick>Skin.ToggleSetting(Show_Channel_Name_On_OSD)</onclick>
				</control>
			</control>
			
			<control type="grouplist" id="600">
				<top>160</top>
				<left>0</left>
				<right>0</right>
				<bottom>140</bottom>
				<onleft>9000</onleft>
				<onright>60</onright>
				<onup>600</onup>
				<ondown>600</ondown>
				<visible>Container(9000).HasFocus(5)</visible>
				<control type="radiobutton" id="605">
					<label>$LOCALIZE[31002]</label>
					<include>DefaultSettingButton</include>
					<onclick>Skin.ToggleSetting(no_fanart)</onclick>
					<selected>!Skin.HasSetting(no_fanart)</selected>
				</control>
				<control type="button" id="607">
					<label>$LOCALIZE[31156]</label>
					<label2>$VAR[BackgroundOverlayTypeVar]</label2>
					<include>DefaultSettingButton</include>
					<onclick condition="String.IsEqual(Skin.String(background_overlay),8)">Skin.SetString(background_overlay,0)</onclick>
					<onclick condition="String.IsEqual(Skin.String(background_overlay),7)">Skin.SetString(background_overlay,8)</onclick>
					<onclick condition="String.IsEqual(Skin.String(background_overlay),6)">Skin.SetString(background_overlay,7)</onclick>
					<onclick condition="String.IsEqual(Skin.String(background_overlay),5)">Skin.SetString(background_overlay,6)</onclick>
					<onclick condition="String.IsEqual(Skin.String(background_overlay),4)">Skin.SetString(background_overlay,5)</onclick>
					<onclick condition="String.IsEqual(Skin.String(background_overlay),3)">Skin.SetString(background_overlay,4)</onclick>
					<onclick condition="String.IsEqual(Skin.String(background_overlay),2)">Skin.SetString(background_overlay,3)</onclick>
					<onclick condition="String.IsEqual(Skin.String(background_overlay),1)">Skin.SetString(background_overlay,2)</onclick>
					<onclick condition="String.IsEqual(Skin.String(background_overlay),0)">Skin.SetString(background_overlay,1)</onclick>
				</control>
				<control type="button" id="608">
					<label>$LOCALIZE[31131]</label>
					<label2>$INFO[Skin.String(HomeFanart.name)]</label2>
					<include>DefaultSettingButton</include>
					<onclick condition="System.HasAddon(script.image.resource.select)">RunScript(script.image.resource.select,property=HomeFanart&amp;type=resource.images.skinbackgrounds)</onclick>
					<onclick condition="!System.HasAddon(script.image.resource.select)">InstallAddon(script.image.resource.select)</onclick>
					<enable>!Skin.HasSetting(no_fanart)</enable>
				</control>
				<control type="button" id="609">
					<label>$LOCALIZE[31062]</label>
					<label2>$INFO[Skin.String(WeatherFanart.name)]</label2>
					<include>DefaultSettingButton</include>
					<onclick condition="System.HasAddon(script.image.resource.select)">RunScript(script.image.resource.select,property=WeatherFanart&amp;type=resource.images.weatherfanart)</onclick>
					<onclick condition="!System.HasAddon(script.image.resource.select)">InstallAddon(script.image.resource.select)</onclick>
					<enable>!Skin.HasSetting(no_fanart)</enable>
				</control>
				<control type="button" id="6066">
					<label>$LOCALIZE[31149]</label>
					<label2>$INFO[Skin.String(MovieGenreFanart.Name)]</label2>
					<include>DefaultSettingButton</include>
					<onclick condition="!System.HasAddon(script.image.resource.select)">InstallAddon(script.image.resource.select)</onclick>
					<onclick condition="System.HasAddon(script.image.resource.select)">RunScript(script.image.resource.select,property=MovieGenreFanart&amp;type=resource.images.moviegenrefanart)</onclick>
				</control>
				<control type="radiobutton" id="6067">
					<description>Enable skin helper artwork lookups</description>
					<label>Enable Skin Helper Artwork</label>
					<include>DefaultSettingButton</include>
					<onclick>Skin.ToggleSetting(SkinHelper.EnableExtendedArt)</onclick>
					<selected>Skin.HasSetting(SkinHelper.EnableExtendedArt)</selected>
					<onclick>Skin.Reset(OnlineAlbum_lookup)</onclick>
					<visible>System.HasAddon(script.skin.helper.service)</visible>
				</control>
				<control type="radiobutton" id="6068">
					<label>Display online album cover, artist fanart and clearlogo for RDS Radio (If Available)</label>
					<include>DefaultSettingButton</include>
					<onclick>Skin.ToggleSetting(OnlineAlbum_lookup)</onclick>
					<selected>Skin.HasSetting(OnlineAlbum_lookup)</selected>
					<visible>Skin.HasSetting(SkinHelper.EnableExtendedArt)</visible>
				</control>
			</control>
			
			<control type="grouplist" id="610">
				<top>160</top>
				<left>0</left>
				<right>0</right>
				<bottom>140</bottom>
				<onleft>9000</onleft>
				<onright>60</onright>
				<onup>610</onup>
				<pagecontrol>60</pagecontrol>
				<ondown>610</ondown>
				<visible>Container(9000).HasFocus(1)</visible>
				<control type="radiobutton" id="621">
					<label>$LOCALIZE[31008]</label>
					<include>DefaultSettingButton</include>
					<selected>!Skin.HasSetting(home_no_categories_widget)</selected>
					<onclick>Skin.ToggleSetting(home_no_categories_widget)</onclick>
				</control>
				<control type="radiobutton" id="611">
					<label>$LOCALIZE[342]</label>
					<include>DefaultSettingButton</include>
					<selected>!Skin.HasSetting(HomeMenuNoMovieButton)</selected>
					<onclick>Skin.ToggleSetting(HomeMenuNoMovieButton)</onclick>
				</control>
				<control type="button" id="6110">
					<label>- $LOCALIZE[31157]</label>
					<include>DefaultSettingButton</include>
					<onclick condition="System.HasAddon(plugin.library.node.editor)">ActivateWindow(programs,plugin://plugin.library.node.editor/?ltype=video,return)</onclick>
					<onclick condition="!System.HasAddon(plugin.library.node.editor)">InstallAddon(plugin.library.node.editor)</onclick>
					<enable>!Skin.HasSetting(HomeMenuNoMovieButton)</enable>
				</control>
				<control type="radiobutton" id="612">
					<label>$LOCALIZE[20343]</label>
					<include>DefaultSettingButton</include>
					<selected>!Skin.HasSetting(HomeMenuNoTVShowButton)</selected>
					<onclick>Skin.ToggleSetting(HomeMenuNoTVShowButton)</onclick>
				</control>
				<control type="button" id="6120">
					<label>- $LOCALIZE[31157]</label>
					<include>DefaultSettingButton</include>
					<onclick condition="System.HasAddon(plugin.library.node.editor)">ActivateWindow(programs,plugin://plugin.library.node.editor/?ltype=video,return)</onclick>
					<onclick condition="!System.HasAddon(plugin.library.node.editor)">InstallAddon(plugin.library.node.editor)</onclick>
					<enable>!Skin.HasSetting(HomeMenuNoTVShowButton)</enable>
				</control>
				<control type="radiobutton" id="613">
					<label>$LOCALIZE[2]</label>
					<include>DefaultSettingButton</include>
					<selected>!Skin.HasSetting(HomeMenuNoMusicButton)</selected>
					<onclick>Skin.ToggleSetting(HomeMenuNoMusicButton)</onclick>
				</control>
				<control type="button" id="6130">
					<label>- $LOCALIZE[31157]</label>
					<include>DefaultSettingButton</include>
					<onclick condition="System.HasAddon(plugin.library.node.editor)">ActivateWindow(programs,plugin://plugin.library.node.editor/?ltype=music,return)</onclick>
					<onclick condition="!System.HasAddon(plugin.library.node.editor)">InstallAddon(plugin.library.node.editor)</onclick>
					<enable>!Skin.HasSetting(HomeMenuNoMusicButton)</enable>
				</control>
				<control type="radiobutton" id="618">
					<label>$LOCALIZE[19020]</label>
					<include>DefaultSettingButton</include>
					<selected>!Skin.HasSetting(HomeMenuNoTVButton)</selected>
					<onclick>Skin.ToggleSetting(HomeMenuNoTVButton)</onclick>
				</control>
				<control type="radiobutton" id="619">
					<label>$LOCALIZE[19021]</label>
					<include>DefaultSettingButton</include>
					<selected>!Skin.HasSetting(HomeMenuNoRadioButton)</selected>
					<onclick>Skin.ToggleSetting(HomeMenuNoRadioButton)</onclick>
				</control>
				<control type="radiobutton" id="6131">
					<label>$LOCALIZE[20389]</label>
					<include>DefaultSettingButton</include>
					<selected>!Skin.HasSetting(HomeMenuNoMusicVideoButton)</selected>
					<onclick>Skin.ToggleSetting(HomeMenuNoMusicVideoButton)</onclick>
				</control>
				<control type="radiobutton" id="614">
					<label>$LOCALIZE[24001]</label>
					<include>DefaultSettingButton</include>
					<selected>!Skin.HasSetting(HomeMenuNoProgramsButton)</selected>
					<onclick>Skin.ToggleSetting(HomeMenuNoProgramsButton)</onclick>
				</control>
				<control type="radiobutton" id="615">
					<label>$LOCALIZE[1]</label>
					<include>DefaultSettingButton</include>
					<selected>!Skin.HasSetting(HomeMenuNoPicturesButton)</selected>
					<onclick>Skin.ToggleSetting(HomeMenuNoPicturesButton)</onclick>
				</control>
				<control type="radiobutton" id="616">
					<label>$LOCALIZE[3]</label>
					<include>DefaultSettingButton</include>
					<selected>!Skin.HasSetting(HomeMenuNoVideosButton)</selected>
					<onclick>Skin.ToggleSetting(HomeMenuNoVideosButton)</onclick>
				</control>
				<control type="radiobutton" id="620">
					<label>$LOCALIZE[15016]</label>
					<visible>System.GetBool(gamesgeneral.enable)</visible>
					<include>DefaultSettingButton</include>
					<selected>!Skin.HasSetting(HomeMenuNoGamesButton)</selected>
					<onclick>Skin.ToggleSetting(HomeMenuNoGamesButton)</onclick>
				</control>
				<control type="radiobutton" id="6160">
					<label>$LOCALIZE[10134]</label>
					<include>DefaultSettingButton</include>
					<selected>!Skin.HasSetting(HomeMenuNoFavButton)</selected>
					<onclick>Skin.ToggleSetting(HomeMenuNoFavButton)</onclick>
				</control>
				<control type="radiobutton" id="617">
					<label>$LOCALIZE[8]</label>
					<include>DefaultSettingButton</include>
					<selected>!Skin.HasSetting(HomeMenuNoWeatherButton)</selected>
					<onclick>Skin.ToggleSetting(HomeMenuNoWeatherButton)</onclick>
				</control>
			</control>
			<control type="image">
				<description>Dialog Header image</description>
				<left>0</left>
				<top>160</top>
				<right>0</right>
				<height>3</height>
				<texture colordiffuse="button_focus" border="2">dialogs/separator-grey.png</texture>
			</control>
			<control type="image">
				<description>Dialog Header image</description>
				<left>0</left>
				<bottom>134</bottom>
				<right>0</right>
				<height>3</height>
				<texture colordiffuse="button_focus" border="2">dialogs/separator-grey.png</texture>
			</control>
		</control>
		<control type="group">
			<depth>DepthContentPanel</depth>
			<left>0</left>
			<include>OpenClose_Left</include>
			<include content="ContentPanel">
				<param name="width" value="530" />
			</include>
			<control type="list" id="9000">
				<description>button area</description>
				<left>0</left>
				<top>160</top>
				<width>470</width>
				<height>700</height>
				<onleft>10000</onleft>
				<onright>10000</onright>
				<onup>9000</onup>
				<ondown>9000</ondown>
				<itemlayout height="90" width="470">
					<control type="label">
						<textoffsetx>30</textoffsetx>
						<width>470</width>
						<height>90</height>
						<label>$INFO[ListItem.Label]</label>
						<font>font37</font>
						<aligny>center</aligny>
					</control>
				</itemlayout>
				<focusedlayout height="90" width="470">
					<control type="image">
						<width>470</width>
						<height>90</height>
						<texture colordiffuse="button_focus">lists/focus.png</texture>
						<animation effect="fade" start="100" end="50" time="40" condition="!Control.HasFocus(9000)">Conditional</animation>
					</control>
					<control type="label">
						<textoffsetx>30</textoffsetx>
						<width>470</width>
						<height>90</height>
						<font>font37</font>
						<aligny>center</aligny>
						<label>$INFO[ListItem.Label]</label>
					</control>
				</focusedlayout>
				<content>
					<item id="1">
						<label>Main Menu Items</label>
						<onclick>noop</onclick>
					</item>
					<item id="2">
						<label>Home Screen</label>
						<onclick>noop</onclick>
					</item>
					<item id="3">
						<label>General Settings</label>
						<onclick>noop</onclick>
					</item>
					<item id="4">
						<label>OSD Settings</label>
						<onclick>noop</onclick>
					</item>
					<item id="5">
						<label>Artwork Settings</label>
						<onclick>noop</onclick>
					</item>
					<item id="6">
						<label>PVR Artwork Settings</label>
						<onclick>noop</onclick>
					</item>
					<item id="7">
						<label>General PVR Settings</label>
						<onclick>noop</onclick>
					</item>
				</content>
			</control>
		</control>
		<control type="group">
			<right>0</right>
			<top>163</top>
			<bottom>137</bottom>
			<width>60</width>
			<control type="scrollbar" id="60">
				<right>0</right>
				<top>0</top>
				<bottom>0</bottom>
				<width>12</width>
				<orientation>vertical</orientation>
				<texturesliderbackground />
				<animation effect="slide" end="6,0" time="300" tween="sine" easing="inout" condition="!Control.HasFocus(60)">conditional</animation>
				<onleft>5</onleft>
				<onright>5</onright>
				<animation effect="fade" start="0" end="100" time="200" delay="300">Visible</animation>
				<animation effect="fade" start="100" end="0" time="200">Hidden</animation>
				<animation effect="fade" start="0" end="100" delay="300" time="320">WindowOpen</animation>
				<animation effect="fade" start="100" end="0" time="150">WindowClose</animation>
				<hitrect x="0" y="0" w="60" h="100%" />
				<visible>Control.IsVisible(610)</visible>
			</control>
		</control>
		<include content="TopBar">
			<param name="breadcrumbs_label" value="$LOCALIZE[5] / $LOCALIZE[20077]" />
		</include>
		<include>BottomBar</include>
		<control type="textbox" id="6">
			<include>OpenClose_Right</include>
			<description>description area</description>
			<left>510</left>
			<bottom>27</bottom>
			<width>1350</width>
			<height>100</height>
			<font>font12</font>
			<align>justify</align>
			<textcolor>button_focus</textcolor>
			<label>$VAR[SkinSettingsHelpTextVar]</label>
			<autoscroll time="3000" delay="5000" repeat="5000">true</autoscroll>
		</control>
	</controls>
</window>
