<?xml version="1.0" encoding="UTF-8"?>
<includes>
	<include name="WidgetListOffers">
		<param name="item_limit">15</param>
		<param name="fallback_image">DefaultPVRRecording.png</param>
		<param name="focused">false</param>
		<definition>
			<include content="CategoryLabel">
				<param name="label">$PARAM[widget_header]</param>
				<param name="list_id" value="$PARAM[list_id]"/>
			</include>
			<include content="BusyListSpinner">
				<param name="list_id" value="$PARAM[list_id]"/>
				<param name="posy" value="200"/>
			</include>
			<control type="panel" id="$PARAM[list_id]">
				<left>-13</left>
				<top>125</top>
				<right>0</right>
				<height>430</height>
				<include content="WidgetListCommon">
					<param name="list_id" value="$PARAM[list_id]"/>
				</include>
				<visible>Integer.IsGreater(Container($PARAM[list_id]).NumItems,0) | Container($PARAM[list_id]).IsUpdating</visible>
				<param name="list_id" value="$PARAM[list_id]"/>
				<itemlayout width="310" height="500">
					<control type="group">
						<left>70</left>
						<control type="image">
							<left>5</left>
							<width>316</width>
							<height>305</height>
							<texture>dialogs/dialog-bg-nobo.png</texture>
							<bordertexture border="21">overlays/shadow.png</bordertexture>
							<bordersize>20</bordersize>
						</control>
						<control type="image">
							<width>324</width>
							<height>305</height>
							<texture colordiffuse="button_focus">colors/grey.png</texture>
							<bordertexture border="21">overlays/shadow.png</bordertexture>
							<bordersize>20</bordersize>
							<visible>$PARAM[focused]</visible>
							<include condition="$PARAM[focused]">Animation_FocusTextureFade</include>
						</control>
						<control type="image">
							<top>0</top>
							<left>5</left>
							<width>316</width>
							<height>210</height>
							<texture fallback="DefaultTVShows.png" background="true">$INFO[ListItem.Icon]</texture>
							
							<bordersize>20</bordersize>
						</control>
						<control type="image">
							<left>24</left>
							<top>138</top>
							<width>277</width>
							<height>70</height>
							<texture>overlays/overlayfade.png</texture>
							<visible>!ListItem.IsParentFolder</visible>
						</control>
						<control type="image">
                            <left>265</left>
                            <top>173</top>
                            <width>36</width>
                            <height>36</height>
                            <texture>windows/pvr/timer.png</texture>
                            <visible>String.IsEqual(ListItem.Property(HasTimer),True)</visible>
                        </control>
						<control type="label">
							<left>42</left>
							<top>210</top>
							<width>245</width>
							<height>70</height>
							<label>$INFO[ListItem.Label] $INFO[ListItem.Property(StartTime),(,)]</label>
							<font>font12</font>
							<shadowcolor>text_shadow</shadowcolor>
							<align>center</align>
							<aligny>top</aligny>
						</control>
						<control type="label">
							<left>42</left>
							<top>240</top>
							<width>245</width>
							<height>65</height>
							<label>$INFO[ListItem.Label2]</label>
							<font>font12</font>
							<shadowcolor>text_shadow</shadowcolor>
							<align>center</align>
							<aligny>top</aligny>
						</control>
					</control>
				</itemlayout>
				<focusedlayout width="310" height="500">
					<control type="group">
						<depth>DepthContentPopout</depth>
						<left>70</left>
						<animation type="Focus">
							<effect type="zoom" start="100" end="110" time="200" tween="sine" easing="inout" center="240,100" />
						</animation>
						<animation type="Unfocus">
							<effect type="zoom" start="110" end="100" time="200" tween="sine" easing="inout" center="240,100" />
						</animation>
						<control type="image">
							<left>5</left>
							<width>316</width>
							<height>305</height>
							<texture>dialogs/dialog-bg-nobo.png</texture>
							<bordertexture border="21">overlays/shadow.png</bordertexture>
							<bordersize>20</bordersize>
						</control>
						<control type="image">
							<width>324</width>
							<height>305</height>
							<texture colordiffuse="button_focus">colors/grey.png</texture>
							<bordertexture border="21">overlays/shadow.png</bordertexture>
							<bordersize>20</bordersize>
							
						</control>
						<control type="image">
							<top>4</top>
							<left>4</left>
							<width>316</width>
							<height>210</height>
							<texture fallback="DefaultTVShows.png" background="true">$INFO[ListItem.Icon]</texture>

							<bordersize>20</bordersize>
						</control>
						<control type="image">
							<left>24</left>
							<top>138</top>
							<width>276</width>
							<height>70</height>
							<texture>overlays/overlayfade.png</texture>
							<visible>!ListItem.IsParentFolder</visible>
						</control>
                        <control type="image">
                            <left>265</left>
                            <top>173</top>
                            <width>36</width>
                            <height>36</height>
                            <texture>windows/pvr/timer.png</texture>
                            <visible>String.IsEqual(ListItem.Property(HasTimer),True)</visible>
                        </control>
						<control type="label">
							<left>42</left>
							<top>210</top>
							<width>245</width>
							<height>70</height>
							<label>$INFO[ListItem.Label] $INFO[ListItem.Property(StartTime),(,)]</label>
							<font>font12</font>
							<shadowcolor>text_shadow</shadowcolor>
							<align>center</align>
							<scroll>true</scroll>
							<aligny>top</aligny>
						</control>
						<control type="label">
							<left>42</left>
							<top>240</top>
							<width>245</width>
							<height>65</height>
							<label>$INFO[ListItem.Label2]</label>
							<font>font12</font>
							<shadowcolor>text_shadow</shadowcolor>
							<align>center</align>
							<scroll>true</scroll>
							<aligny>top</aligny>
						</control>
					</control>
				</focusedlayout>
				<content target="$PARAM[widget_target]" limit="$PARAM[item_limit]">$PARAM[content_path]</content> 
			
			</control>
		</definition>
	</include>
</includes>