
<?xml version="1.0" encoding="UTF-8"?>
<includes>
	<include name="View_510_Flix_Large">
		<control type="group">
		<top>0</top>
		<visible>Control.IsVisible(510)</visible>
			<control type="image">
				<aspectratio>scale</aspectratio>
				<aligny>top</aligny>
				<right>0</right>
				<height>55%</height>
				<width>55%</width>
				<depth>DepthBackground</depth>
				<texture>$VAR[FanartImageVar]</texture>
			</control>
			<control type="image">
				<aspectratio>scale</aspectratio>
				<include>FullScreenDimensions</include>
				<depth>DepthBackground</depth>
				<texture>overlays/netflixoverlay3.png</texture>
				<colordiffuse>primary_background</colordiffuse>
			</control>
					<control type="image">
					<depth>DepthContentPopout</depth>
					<top>60</top>
					<left>40</left>
					<width max="537">auto</width>
					<height>120</height>
					<aspectratio align="top" aligny="center">keep</aspectratio>
					<texture>$INFO[ListItem.Art(clearlogo)]</texture>
					<visible>!ListItem.IsCollection + !ListItem.IsParentFolder</visible>
			</control>
			<control type="label">
				<left>50</left>
				<top>125</top>
				<width>850</width>
				<height>60</height>
				<scroll>true</scroll>
				<font>fontMainMenu</font>
				<textcolor>button_focus</textcolor>
				<label>$INFO[ListItem.label]</label>
				<visible>Container.Content(seasons)</visible>
				<animation effect="fade" start="0" end="500" time="500" condition="Control.HasFocus(510) ">Conditional</animation>
				<visible>String.IsEmpty(ListItem.Art(clearlogo))</visible>
			</control>
			<control type="label">
				<left>50</left>
				<top>125</top>
				<width>850</width>
				<height>60</height>
				<scroll>true</scroll>
				<font>fontMainMenu</font>
				<textcolor>button_focus</textcolor>
				<label>$INFO[ListItem.Title]</label>
				<visible>Container.Content(tvshows) | Container.Content(movies)</visible>
				<animation effect="fade" start="0" end="500" time="500" condition="Control.HasFocus(510) ">Conditional</animation>
				<visible>String.IsEmpty(ListItem.Art(clearlogo))</visible>
			</control>
			<control type="textbox">
				<left>50</left>
				<top>195</top>
				<width>1200</width>
				<height>60</height>
				<font>font27</font>
				<label>$INFO[ListItem.Genre] | $INFO[ListItem.Year] | Seasons: $INFO[ListItem.Property(TotalSeasons)] | Episodes: $INFO[ListItem.Property(TotalEpisodes)]</label>
				<visible>Container.Content(tvshows)</visible>
			</control>
			<control type="textbox">
				<left>50</left>
				<top>195</top>
				<width>1200</width>
				<height>60</height>
				<font>font27</font>
				<label>$INFO[ListItem.Genre] | Year: $INFO[ListItem.Year]</label>
				<visible>Container.Content(movies)</visible>
			</control>
			<control type="image">
				<left>50</left>
				<top>235</top>
				<width>150</width>
				<height>50</height>
				<texture>ratings/imdb/imdb.png</texture>
			</control>
			<control type="image"> 
				<left>140</left>
				<top>240</top>
				<width>120</width>
				<height>35</height>
				<texture fallback="ratings/imdb/0.0.png" colordiffuse="yellow">$INFO[ListItem.Rating,ratings/imdb/,.png]</texture>
				
			</control>
			<control type="label">
				<left>265</left>
				<top>237</top>
				<width>1200</width>
				<height>60</height>
				<font>fontSubMenu</font>
				<label> | </label>
				
			</control>
			<control type="image">
				<left>300</left>
				<top>245</top>
				<width>40</width>
				<height>30</height>
				<texture>ratings/tmdb/tmdb.png</texture>
			</control>
			<control type="image">
				<left>360</left>
				<top>241</top>
				<width>37</width>
				<height>37</height>
				<texture fallback="ratings/tmdb/0.0.png">$INFO[ListItem.Rating,ratings/tmdb/,.png]</texture>
			</control>
			<control type="label">
				<left>410</left>
				<top>237</top>
				<width>1200</width>
				<height>60</height>
				<font>fontSubMenu</font>
				<label> | </label>
				
			</control>
			<control type="image">
				<left>435</left> 
				<top>238</top>
				<width>40</width>
				<height>37</height>
				<texture>icons/pvr/mpaa.png</texture>
			</control>
			<control type="image">
				<left>481</left>
				<top>232</top>
				<width>50</width>
				<height>50</height>
				<texture fallback="flags/mpaa/rated2.png">$VAR[Mpaa_flags_Var,flags/mpaa/,.png]</texture>
				<visible>Container.Content(tvshows)</visible>
			</control>
			<control type="image">
				<left>481</left>
				<top>232</top>
				<width>50</width>
				<height>50</height>
				<texture fallback="flags/mpaa/rated2.png">$VAR[Mpaa_flags_Var,flags/mpaa/,.png]</texture>
				<visible>Container.Content(movies)</visible>
			</control>
			<control type="label">
				<left>535</left>
				<top>237</top>
				<width>1200</width>
				<height>60</height>
				<font>fontSubMenu</font>
				<label> | </label>
				
			</control>
			<control type="image">
				<left>555</left>
				<top>232</top>
				<width>55</width>
				<height>55</height>
				<texture>icons/infodialogs/timer.png</texture>
				<visible>false</visible>
			</control>
			<control type="label">
				<left>560</left>
				<top>243</top>
				<width>1200</width>
				<height>60</height>
				<font>font27</font>
				<label>Duration: $INFO[ListItem.Duration(h),,h] $INFO[ListItem.Duration(mm),,m]</label>
				<visible>Container.Content(movies)</visible>
			</control>
			<control type="textbox">
				<left>50</left>
				<top>290</top>
				<width>900</width>
				<height>140</height>
				<font>font27</font>
				<label>$INFO[ListItem.Plot][CR]</label> 
				<autoscroll delay="6000" time="5000" repeat="10000">Skin.HasSetting(autoscroll)</autoscroll>
				<visible>!ListItem.IsCollection + !ListItem.IsParentFolder</visible>
			</control>
		

<!--Visible All  -->
			 <control type="textbox">
				<left>50</left>
				<top>460</top>
				<width>1200</width>
				<height>60</height>
				<font>fontSubMenu</font>
				<label>IMDB: $INFO[ListItem.RatingandVotes]</label>
				<textcolor>$VAR[secondHighlightColor]</textcolor>
				<visible>!ListItem.IsCollection + !ListItem.IsParentFolder</visible>
				<animation effect="fade" start="0" end="500" time="500" condition="Control.HasFocus(510) ">Conditional</animation>
				<visible>!ListItem.IsCollection + !ListItem.IsParentFolder</visible>
			</control> 
<!-- Visible All Duration  -->
			<control type="textbox">
				<right>20</right>
				<top>460</top>
				<width>320</width>
				<height>60</height>
				<font>fontSubMenu</font>
				<label>Ends at: $INFO[ListItem.EndTime] mins)</label> 
				<textcolor>$VAR[secondHighlightColor]</textcolor>
				<visible>!ListItem.IsCollection + !ListItem.IsParentFolder</visible>
			</control>
			<control type="grouplist" id="5000">
					<left>50</left>
					<top>460</top>
					<width>675</width>
					<height>50</height>
					<onup>9000</onup>
					<itemgap>16</itemgap>
					<align>left</align>
					<orientation>horizontal</orientation>
					<control type="button" id="139">
						<width>175</width>
						<height>50</height>
						<align>center</align>
						<label>Play Trailer</label>
						<onclick>PlayMedia($INFO[ListItem.Trailer])</onclick>
						<icon>icons/infodialogs/trailer.png</icon>
						<texturenofocus>buttons/coloured-red.png</texturenofocus>
						<texturefocus>buttons/coloured-green.png</texturefocus>
						<visible>Container.Content(movies)</visible>
						<onup>9000</onup>
						<ondown>510</ondown>
						<onleft>9000</onleft>
						<onright>140</onright>
					</control>
					<control type="button" id="140">
						<width>175</width>
						<height>50</height>
						<align>center</align>
						<label>Add to List</label>
						<onclick>RunScript(script.metadata.editor,action=togglewatchlist,dbid=$INFO[ListItem.DBID],type=$INFO[ListItem.DBType])</onclick>
						<icon>icons/infodialogs/trailer.png</icon>
						<texturenofocus>buttons/coloured-red.png</texturenofocus>
						<texturefocus>buttons/coloured-green.png</texturefocus>
						<ondown>510</ondown>
						<onleft>140</onleft>
						<onright>510</onright>
					</control>
				</control>	
			
		<control type="group">
			<include>OpenClose_Right</include>
			<visible>Control.IsVisible(510)</visible>
			<include>Visible_Right</include>
			<left>-0</left>
			<right>0</right>
			<top>420</top>
			<animation effect="slide" end=",-10" time="0" condition="Container.Content(movies) | Container.Content(tvshows) | Container.Content(seasons)">Conditional</animation>
			<control type="panel" id="510">
				<width>100%</width>
				<top>20</top>
				<height>700</height>
				<oninfo condition="String.IsEqual(ListItem.DBType,set)">ActivateWindow(1132)</oninfo>
				<onup condition="!Skin.HasSetting(KioskMode)">5000</onup>
				<onright>510</onright>
				<onleft>510</onleft>
				<ondown>60</ondown>
				<viewtype label="Flix Large">icon</viewtype>
				<preloaditems>2</preloaditems>
				<pagecontrol>60</pagecontrol>
				<orientation>horizontal</orientation>
				<scrolltime tween="cubic" easing="out">500</scrolltime>
				<visible>Container.Content(movies) | Container.Content(tvshows) | Container.Content(seasons)</visible>
				<itemlayout height="500" width="330" condition="Container.Content(movies) | Container.Content(tvshows) | Container.Content(seasons)">
					<control type="image">
						<left>10</left>
						<top>100</top>
						<width>330</width>
						<height>490</height>
						<texture fallback="DefaultVideo.png" background="true">$VAR[PosterVar]</texture>
						<bordertexture border="21">overlays/shadow.png</bordertexture>
						<bordersize>20</bordersize>
						<aspectratio>scale</aspectratio>
					</control>
					<control type="image">
						<left>30</left>
						<top>330</top>
						<width>70</width>
						<height>70</height>
						<texture>overlays/overlay-bg.png</texture>
						<visible>ListItem.IsResumable | ListItem.IsPlaying | Integer.IsGreater(ListItem.Playcount,0)</visible>
					</control>
					<control type="image">
						<left>30</left>
						<top>470</top>
						<width>28</width>
						<height>28</height>
						<texture>$VAR[WallWatchedIconVar]</texture>
					</control>
					<control type="image">
						<left>30</left>
						<top>110</top>
						<width>330</width>
						<height>490</height>
						<texture background="true" colordiffuse="BFFFFFFF">colors/black.png</texture>
						<aspectratio>scale</aspectratio>
						<visible>Skin.HasSetting(greyedout_watched) + Integer.IsGreater(ListItem.Playcount,0)</visible>
					</control>
				</itemlayout>

				<focusedlayout height="500" width="330"  condition="Container.Content(movies) | Container.Content(sets) | Container.Content(tvshows) | Container.Content(seasons)">
					
					<control type="image">
						<left>26</left>
						<top>108</top>
						<width>277</width>
						<height>425</height>
						<texture colordiffuse="button_focus">colors/white.png</texture>
						<depth>DepthContentPopout</depth>
						<animation effect="zoom" start="100" end="110" time="110" tween="sine" easing="inout" center="50,100">Focus</animation>
					</control>
					<control type="image">
						<left>10</left>
						<top>100</top>
						<width>330</width>
						<height>490</height>
						<texture fallback="DefaultVideo.png" background="true">$VAR[PosterVar]</texture>
						<bordertexture border="21">overlays/shadow.png</bordertexture>
						<bordersize>20</bordersize>
						<aspectratio>scale</aspectratio>
					</control>
					<control type="image">
						<left>30</left>
						<top>330</top>
						<width>70</width>
						<height>70</height>
						<texture>overlays/overlay-bg.png</texture>
						<visible>ListItem.IsResumable | ListItem.IsPlaying | Integer.IsGreater(ListItem.Playcount,0)</visible>
					</control>
					<control type="image">
						<left>30</left>
						<top>370</top>
						<width>28</width>
						<height>28</height>
						<texture>$VAR[WallWatchedIconVar]</texture>
					</control>
				</focusedlayout>
			</control>
		</control>
	</control>
	<control type="scrollbar" id="60">
			<bottom>0</bottom>
			<height>12</height>
			<width>100%</width>
			<orientation>horizontal</orientation>
			<texturesliderbackground />
			<onup>510</onup>
			<ondown>510</ondown>
			<visible>Control.IsVisible(510)</visible>
		</control>
	</include>
</includes>