
<?xml version="1.0" encoding="UTF-8"?>
<includes>
	<include name="View_508_Flix_Wide">
		
		<control type="group">
		<visible>Control.IsVisible(508)</visible>
			<control type="image">
				<aspectratio>scale</aspectratio>
				<aligny>top</aligny>
				<right>0</right>
				<height>50%</height>
				<width>55%</width>
				<depth>DepthBackground</depth>
				<texture>$INFO[ListItem.Art(fanart)]</texture>
			</control>
			<control type="image">
				<aspectratio>scale</aspectratio>
				<include>FullScreenDimensions</include>
				<depth>DepthBackground</depth>
				<texture colordiffuse="primary_background">overlays/netflixoverlay3.png</texture>
				
			</control>

			<control type="image">
						<depth>DepthContentPopout</depth>
						<top>25</top>
						<left>40</left>
						<width max="537">auto</width>
						<height>120</height>
						<aspectratio align="top" aligny="center">keep</aspectratio>
						<texture>$INFO[ListItem.Art(clearlogo)]</texture>
						<visible>!ListItem.IsCollection + !ListItem.IsParentFolder</visible>
						
			</control>
			
			<control type="label">
				<left>50</left>
				<top>85</top>
				<width>850</width>
				<height>60</height>
				<scroll>true</scroll>
				<font>fontMainMenu</font>
				<textcolor>button_focus</textcolor>
				<label>$INFO[ListItem.label]</label>
				<visible>Container.Content(seasons)</visible>
				<visible>String.IsEmpty(ListItem.Art(clearlogo))</visible>
			</control>
			<control type="label">
				<left>50</left>
				<top>85</top>
				<width>850</width>
				<height>60</height>
				<scroll>true</scroll>
				<font>fontMainMenu</font>
				<textcolor>button_focus</textcolor>
				<label>$INFO[ListItem.Title]</label>
				<visible>Container.Content(tvshows) | Container.Content(movies)</visible>
				<animation effect="fade" start="0" end="500" time="500" condition="Control.HasFocus(508) ">Conditional</animation>
				<visible>String.IsEmpty(ListItem.Art(clearlogo))</visible>
			</control>
			<control type="label">
				<left>50</left>
				<top>155</top>
				<width>900</width>
				<height>60</height>
				<font>font27</font>
				<label>$INFO[ListItem.Genre] | $INFO[ListItem.Year] | Seasons: [COLOR button_focus][B][$INFO[ListItem.Property(TotalSeasons)]][/B][/COLOR] | Episodes: [COLOR button_focus][B][$INFO[ListItem.Property(TotalEpisodes)]][/B][/COLOR]</label>
				<scroll>true</scroll>
				<visible>Container.Content(tvshows)</visible>
			</control>
			<control type="label">
				<left>50</left>
				<top>155</top>
				<width>900</width>
				<height>60</height>
				<font>font27</font>
				<label>$INFO[ListItem.Genre] | Year: $INFO[ListItem.Year]</label>
				<scroll>true</scroll>
				<visible>Container.Content(movies)</visible>
			</control>
			<control type="image">
				<left>50</left>
				<top>198</top>
				<width>150</width>
				<height>50</height>
				<texture>ratings/imdb/imdb.png</texture>
			</control>
			<control type="image"> 
				<left>143</left>
				<top>203</top>
				<width>120</width>
				<height>35</height>
				<texture fallback="ratings/imdb/0.0.png" colordiffuse="yellow">$INFO[ListItem.Rating,ratings/imdb/,.png]</texture>
				
			</control>
			<control type="label">
				<left>266</left>
				<top>200</top>
				<width>1200</width>
				<height>60</height>
				<font>fontSubMenu</font>
				<label> | </label>
				
			</control>
			<control type="image">
				<left>304</left>
				<top>205</top>
				<width>40</width>
				<height>30</height>
				<texture>ratings/tmdb/tmdb.png</texture>
			</control>
			<control type="image">
				<left>364</left>
				<top>201</top>
				<width>37</width>
				<height>37</height>
				<texture fallback="ratings/tmdb/0.0.png">$INFO[ListItem.Rating,ratings/tmdb/,.png]</texture>
			</control>
			<control type="label">
				<left>410</left>
				<top>200</top>
				<width>1200</width>
				<height>60</height>
				<font>fontSubMenu</font>
				<label> | </label>
				
			</control>
			<control type="image">
				<left>435</left>
				<top>200</top>
				<width>40</width>
				<height>37</height>
				<texture>icons/pvr/mpaa.png</texture>
			</control>
			<control type="image">
				<left>481</left>
				<top>194</top>
				<width>50</width>
				<height>50</height>
				<texture fallback="flags/mpaa/rated2.png">$VAR[Mpaa_flags_Var,flags/mpaa/,.png]</texture>
				<visible>Container.Content(tvshows)</visible>
			</control>
			<control type="image">
				<left>481</left>
				<top>194</top>
				<width>50</width>
				<height>50</height>
				<texture fallback="flags/mpaa/rated2.png">$VAR[Mpaa_flags_Var,flags/mpaa/,.png]</texture>
				<visible>Container.Content(movies)</visible>
			</control>
			<control type="label">
				<left>535</left>
				<top>200</top>
				<width>1200</width>
				<height>60</height>
				<font>fontSubMenu</font>
				<label> | </label>
				
			</control>
			<control type="label">
				<left>560</left>
				<top>203</top>
				<width>1200</width>
				<height>60</height>
				<font>font27</font>
				<label>Duration: $INFO[ListItem.Duration(h),,h] $INFO[ListItem.Duration(mm),,m]</label>
				<visible>Container.Content(movies)</visible>
			</control>
			<control type="textbox">
				<left>50</left>
				<top>250</top>
				<width>900</width>
				<height>115</height>
				<font>font27</font>
				<label>$INFO[ListItem.Plot][CR]</label> 
				<autoscroll delay="6000" time="5000" repeat="10000">Skin.HasSetting(autoscroll)</autoscroll>
				<visible>!ListItem.IsCollection + !ListItem.IsParentFolder</visible>
			</control>
			<control type="textbox">
				<left>50</left>
				<top>250</top>
				<width>900</width>
				<height>115</height>
				<font>font27</font>
				<label>$INFO[ListItem.Plot][CR]</label> 
				<autoscroll delay="6000" time="5000" repeat="10000">Skin.HasSetting(autoscroll)</autoscroll>
				<visible>!ListItem.IsCollection + !ListItem.IsParentFolder</visible>
			</control>

<!--Visible All  -->			
			<control type="textbox">
				<left>50</left>
				<top>440</top>
				<width>1200</width>
				<height>60</height>
				<font>fontSubMenu</font>
				<label>IMDB: $INFO[ListItem.RatingandVotes]</label>
				<textcolor>$VAR[secondHighlightColor]</textcolor>
				<visible>!ListItem.IsCollection + !ListItem.IsParentFolder</visible>
				<visible>!ListItem.IsCollection + !ListItem.IsParentFolder</visible>
			</control>

<!--Visible TV  -->
			<control type="textbox">
				<left>390</left>
				<top>420</top>
				<width>1200</width>
				<height>60</height>
				<font>fontSubMenu</font>
				<label>Studio: $INFO[ListItem.Studio]</label>
				<textcolor>$VAR[secondHighlightColor]</textcolor>
				<visible>!ListItem.IsCollection + !ListItem.IsParentFolder</visible>
				<visible>!String.IsEmpty(ListItem.Studio) + !Container.Content(movies)</visible>
			</control>
			<control type="textbox">
				<left>650</left>
				<top>420</top>
				<width>1200</width>
				<height>60</height>
				<font>fontSubMenu</font>
				<label>Status: $INFO[Window(Home).Property(SkinHelper.ListItem.Status)]</label>
				<textcolor>$VAR[secondHighlightColor]</textcolor>
				 <visible>!String.IsEmpty(Window(Home).Property(SkinHelper.ListItem.Status) + Container.Content(tvshows)</visible> 
				 <visible>!ListItem.IsCollection + !ListItem.IsParentFolder</visible>
			</control>
			<control type="textbox">
				<left>650</left>
				<top>420</top>
				<width>1200</width>
				<height>60</height>
				<font>fontSubMenu</font>
				<label>Premiered: $INFO[ListItem.Premiered]</label>
				<textcolor>$VAR[secondHighlightColor]</textcolor>
				 <visible>Container.Content(seasons)</visible> 
				 <visible>!ListItem.IsCollection + !ListItem.IsParentFolder</visible>
			</control>

<!-- Visible Movies  -->
			<control type="textbox">
				<left>345</left>
				<top>420</top>
				<width>295</width>
				<height>30</height>
				<font>fontSubMenu</font>
				<label>Director: $INFO[ListItem.Director]</label>
				<textcolor>$VAR[secondHighlightColor]</textcolor>
				 <visible>Container.Content(movies)</visible> 
				 <visible>!ListItem.IsCollection + !ListItem.IsParentFolder</visible>
			</control>
			<control type="textbox">
				<left>680</left>
				<top>420</top>
				<width>1200</width>
				<height>60</height>
				<font>fontSubMenu</font>
				<label>Rating: $INFO[ListItem.Mpaa]</label>
				<textcolor>$VAR[secondHighlightColor]</textcolor>
				<visible>!ListItem.IsCollection + !ListItem.IsParentFolder</visible>
				<animation effect="fade" start="0" end="500" time="500" condition="Control.HasFocus(508) ">Conditional</animation>
				<visible>!String.IsEmpty(ListItem.Mpaa) + Container.Content(movies)</visible> 
			</control>
			<control type="textbox">
				<left>680</left>
				<top>420</top>
				<width>1200</width>
				<height>60</height>
				<font>fontSubMenu</font>
				<label>Premiered: $INFO[ListItem.Premiered]</label>
				<textcolor>$VAR[secondHighlightColor]</textcolor>
				<visible>!ListItem.IsCollection + !ListItem.IsParentFolder</visible>
				<animation effect="fade" start="0" end="500" time="500" condition="Control.HasFocus(508) ">Conditional</animation>
				 <visible>String.IsEmpty(ListItem.Mpaa) + Container.Content(movies)</visible> 
			</control>

<!-- Visible All Duration  -->
			<control type="textbox">
				<right>20</right>
				<top>420</top>
				<width>320</width>
				<height>60</height>
				<font>fontSubMenu</font>
				<label>Ends at: $INFO[ListItem.EndTime] ($INFO[Window(Home).Property(SkinHelper.ListItem.Duration)] mins)</label> 
				<textcolor>$VAR[secondHighlightColor]</textcolor>
				<visible>!ListItem.IsCollection + !ListItem.IsParentFolder</visible>
				<animation effect="fade" start="0" end="500" time="500" condition="Control.HasFocus(508) ">Conditional</animation>
			</control>
		</control>
	<control type="group">
			<include>OpenClose_Right</include>
			<visible>Control.IsVisible(508)</visible>
			<visible>Container.Content(movies) | Container.Content(tvshows) | Container.Content(seasons)</visible>
			<include>Visible_Right</include>
			<left>-20</left>
			<right>0</right>
			<top>365</top>
			<animation effect="slide" end=",-10" time="0" condition="Container.Content(movies) | Container.Content(tvshows) | Container.Content(seasons)">Conditional</animation>
			<control type="panel" id="508">
				<width>100%</width>
				<top>35</top>
				<height>650</height>
				<oninfo condition="String.IsEqual(ListItem.DBType,set)">ActivateWindow(1132)</oninfo>
				<onup condition="!Skin.HasSetting(KioskMode)">9000</onup>
				<onright>508</onright>
				<onleft>508</onleft>
				<ondown>60</ondown>
				<viewtype label="Flix Wide">icon</viewtype>
				<preloaditems>2</preloaditems>
				<pagecontrol>60</pagecontrol>
				<orientation>horizontal</orientation>
				<scrolltime tween="cubic" easing="out">508</scrolltime>
				<visible>Container.Content(movies) | Container.Content(tvshows) | Container.Content(seasons)</visible>
				<itemlayout height="180" width="280" condition="Container.Content(images)">
					<control type="image">
						<left>10</left>
						<top>10</top>
						<width>310</width>
						<height>210</height>
						<texture fallback="DefaultPicture.png" background="true">$VAR[PosterVar]</texture>
						<bordertexture border="21">overlays/shadow.png</bordertexture>
						<bordersize>20</bordersize>
						<aspectratio>scale</aspectratio>
					</control>
				</itemlayout>
				<focusedlayout height="180" width="280" condition="Container.Content(images)">
					<control type="image">
						<left>20</left>
						<top>20</top>
						<width>290</width>
						<height>190</height>
						<texture colordiffuse="button_focus">colors/white.png</texture>
					</control>
					<control type="image">
						<left>10</left>
						<top>10</top>
						<width>310</width>
						<height>210</height>
						<texture fallback="DefaultPicture.png" background="true">$VAR[PosterVar]</texture>
						<bordertexture border="21">overlays/shadow.png</bordertexture>
						<bordersize>20</bordersize>
						<aspectratio>scale</aspectratio>
					</control>
				</focusedlayout>

				<itemlayout height="300" width="210" condition="Container.Content(movies) | Container.Content(tvshows) | Container.Content(seasons)">
					<control type="image">
						<left>10</left>
						<top>10</top>
						<width>240</width>
						<height>330</height>
						<texture fallback="DefaultVideo.png" background="true">$VAR[PosterVar]</texture>
						<bordertexture border="21">overlays/shadow.png</bordertexture>
						<bordersize>20</bordersize>
						<aspectratio>scale</aspectratio>
					</control>
					<control type="image">
						<left>30</left>
						<top>250</top>
						<width>70</width>
						<height>70</height>
						<texture>overlays/overlay-bg.png</texture>
						<visible>ListItem.IsResumable | ListItem.IsPlaying | Integer.IsGreater(ListItem.Playcount,0)</visible>
					</control>
					<control type="image">
						<left>30</left>
						<top>290</top>
						<width>28</width>
						<height>28</height>
						<texture>$VAR[WallWatchedIconVar]</texture>
					</control>
					<control type="image">
						<left>30</left>
						<top>30</top>
						<width>200</width>
						<height>290</height>
						<texture background="true" colordiffuse="BFFFFFFF">colors/black.png</texture>
						<aspectratio>scale</aspectratio>
						<visible>Skin.HasSetting(greyedout_watched) + Integer.IsGreater(ListItem.Playcount,0)</visible>
					</control>
				</itemlayout>
				<focusedlayout height="300" width="210" condition="Container.Content(movies) | Container.Content(tvshows) | Container.Content(seasons)">
					<control type="image">
						<left>25</left>
						<top>25</top>
						<width>210</width>
						<height>300</height>
						<texture colordiffuse="button_focus">colors/white.png</texture>
						<depth>DepthContentPopout</depth>
						<animation effect="zoom" start="100" end="110" time="110" tween="sine" easing="inout" center="50,300">Focus</animation>
					</control>
					<control type="image">
						<left>10</left>
						<top>10</top>
						<width>240</width>
						<height>330</height>
						<texture fallback="DefaultVideo.png" background="true">$VAR[PosterVar]</texture>
						<bordertexture border="21">overlays/shadow.png</bordertexture>
						<bordersize>20</bordersize>
						<aspectratio>scale</aspectratio>
						<animation effect="zoom" start="100" end="110" time="110" tween="sine" easing="inout" center="50,300">Focus</animation>
					</control>
					<control type="image">
						<left>30</left>
						<top>250</top>
						<width>70</width>
						<height>70</height>
						<texture>overlays/overlay-bg.png</texture>
						<visible>ListItem.IsResumable | ListItem.IsPlaying | Integer.IsGreater(ListItem.Playcount,0)</visible>
						<animation effect="zoom" start="100" end="110" time="110" tween="sine" easing="inout" center="50,300">Focus</animation>
					</control>
					<control type="image">
						<left>30</left>
						<top>290</top>
						<width>28</width>
						<height>28</height>
						<texture>$VAR[WallWatchedIconVar]</texture>
						<animation effect="zoom" start="100" end="110" time="110" tween="sine" easing="inout" center="50,300">Focus</animation>
					</control>
				</focusedlayout>
			</control>
		</control>
		<control type="scrollbar" id="60">
			<bottom>0</bottom>
			<height>12</height>
			<width>100%</width>
			<orientation>horizontal</orientation>
			<texturesliderbackground />
			<onup>508</onup>
			<ondown>508</ondown>
			<visible>Control.IsVisible(508)</visible>
		</control>
	</include>
</includes>