<?xml version="1.0" encoding="UTF-8"?>
<window id="1102" type="dialog">
    <include>openclose_fade_slight_left</include>
    <defaultcontrol always="true">300</defaultcontrol>
    <onunload>Control.SetFocus(200)</onunload>
    <zorder>1</zorder>
    <controls>
        <control type="group">
            <top>60</top>
            <left>0</left>
            <width>500</width>
            <control type="grouplist" id="300">
                <orientation>vertical</orientation>
                <onleft>Dialog.Close(1102)</onleft>
                <onup>Dialog.Close(1102)</onup>
                <usecontrolcoords>true</usecontrolcoords>
                <itemgap>0</itemgap>
                <control type="button" id="301">
                    <texturenofocus colordiffuse="backgroundtransparent">colors/white.png</texturenofocus>
                    <include>button_dialog</include>
                    <label>$LOCALIZE[13396]</label>
                    <onclick>SetProperty(submenu,301)</onclick>
                    <onclick>ActivateWindow(osdaudiosettings)</onclick>
                    <onright>SetProperty(submenu,301)</onright>
                    <onright>ActivateWindow(osdaudiosettings)</onright>
                </control>
                <control type="button" id="302">
                    <texturenofocus colordiffuse="backgroundtransparent">colors/white.png</texturenofocus>
                    <include>button_dialog</include>
                    <label>$LOCALIZE[24133]</label>
                    <onclick>SetProperty(submenu,302)</onclick>
                    <onclick>ActivateWindow(osdsubtitlesettings)</onclick>
                    <onright>SetProperty(submenu,302)</onright>
                    <onright>ActivateWindow(osdsubtitlesettings)</onright>
                </control>
                <control type="button" id="303">
                    <texturenofocus colordiffuse="backgroundtransparent">colors/white.png</texturenofocus>
                    <include>button_dialog</include>
                    <label>$LOCALIZE[13395]</label>
                    <onclick>SetProperty(submenu,303)</onclick>
                    <onclick>ActivateWindow(osdvideosettings)</onclick>
                    <onright>SetProperty(submenu,303)</onright>
                    <onright>ActivateWindow(osdvideosettings)</onright>
                </control>
                <control type="button" id="304">
                    <texturenofocus colordiffuse="backgroundtransparent">colors/white.png</texturenofocus>
                    <visible>System.HasCMS</visible>
                    <include>button_dialog</include>
                    <label>$LOCALIZE[36560]</label>
                    <onclick>SetProperty(submenu,304)</onclick>
                    <onclick>ActivateWindow(osdcmssettings)</onclick>
                    <onright>SetProperty(submenu,304)</onright>
                    <onright>ActivateWindow(osdcmssettings)</onright>
                </control>
                <control type="button" id="305">
                    <texturenofocus colordiffuse="backgroundtransparent">colors/white.png</texturenofocus>
                    <include>button_dialog</include>
                    <label>$LOCALIZE[31016]</label>
                    <label2>[B]$INFO[VideoPlayer.AudioLanguage][/B]</label2>
                    <onclick>AudioNextLanguage</onclick>
                    <onright>ActivateWindow(AudioNextLanguage)</onright>
                </control>
                <control type="button" id="306">
                    <texturenofocus colordiffuse="backgroundtransparent">colors/white.png</texturenofocus>
                    <include>button_dialog</include>
                    <label>$LOCALIZE[31090]</label>
                    <onclick>PlayerResolutionSelect</onclick>
                    <onright>PlayerResolutionSelect</onright>
                    <visible>Player.HasResolutions</visible>
                </control>
            </control>
            <control type="image">
                <visible>!String.IsEqual(Window.Property(submenu),301)</visible>
                <top>5</top>
                <right>5</right>
                <width>40</width>
                <height>40</height>
                <texture>icons/buttons/play.png</texture>
                <animation effect="rotate" start="-90" end="0" center="auto" time="200" condition="true">Visible</animation>
            </control>
            <control type="image">
                <visible>String.IsEqual(Window.Property(submenu),301)</visible>
                <top>5</top>
                <right>5</right>
                <width>40</width>
                <height>40</height>
                <texture>icons/buttons/play.png</texture>
                <animation effect="rotate" start="0" end="-90" center="auto" time="200" condition="true">Visible</animation>
            </control>
            <control type="image">
                <visible>!String.IsEqual(Window.Property(submenu),302)</visible>
                <top>55</top>
                <right>5</right>
                <width>40</width>
                <height>40</height>
                <texture>icons/buttons/play.png</texture>
                <animation effect="rotate" start="-90" end="0" center="auto" time="200" condition="true">Visible</animation>
            </control>
            <control type="image">
                <visible>String.IsEqual(Window.Property(submenu),302)</visible>
                <top>55</top>
                <right>5</right>
                <width>40</width>
                <height>40</height>
                <texture>icons/buttons/play.png</texture>
                <animation effect="rotate" start="0" end="-90" center="auto" time="200" condition="true">Visible</animation>
            </control>
            <control type="image">
                <visible>!String.IsEqual(Window.Property(submenu),303)</visible>
                <top>105</top>
                <right>5</right>
                <width>40</width>
                <height>40</height>
                <texture>icons/buttons/play.png</texture>
                <animation effect="rotate" start="-90" end="0" center="auto" time="200" condition="true">Visible</animation>
            </control>
            <control type="image">
                <visible>String.IsEqual(Window.Property(submenu),303)</visible>
                <top>105</top>
                <right>5</right>
                <width>40</width>
                <height>40</height>
                <texture>icons/buttons/play.png</texture>
                <animation effect="rotate" start="0" end="-90" center="auto" time="200" condition="true">Visible</animation>
            </control>
            <control type="image">
                <visible>System.HasCMS</visible>
                <visible>!String.IsEqual(Window.Property(submenu),304)</visible>
                <top>155</top>
                <right>5</right>
                <width>40</width>
                <height>40</height>
                <texture>icons/buttons/play.png</texture>
                <animation effect="rotate" start="-90" end="0" center="auto" time="200" condition="true">Visible</animation>
            </control>
            <control type="image">
                <visible>System.HasCMS</visible>
                <visible>String.IsEqual(Window.Property(submenu),304)</visible>
                <top>155</top>
                <right>5</right>
                <width>40</width>
                <height>40</height>
                <texture>icons/buttons/play.png</texture>
                <animation effect="rotate" start="0" end="-90" center="auto" time="200" condition="true">Visible</animation>
            </control>
        </control>
    </controls>
</window>
