<?xml version="1.0" encoding="utf-8"?>
<window>
    <defaultcontrol>303</defaultcontrol>
    <include>openclose_slight_bottom</include>
    <controls>
        <control type="group">
            <bottom>0</bottom>
            <width>1920</width>
            <height>130</height>
            <control type="image">
                <aspectratio>stretch</aspectratio>
                <texture colordiffuse="backgroundtransparent">colors/white.png</texture>
            </control>
            <control type="label">
                <top>5</top>
                <left>0</left>
                <width>300</width>
                <height>30</height>
                <align>center</align>
                <aligny>center</aligny>
                <textcolor>active</textcolor>
                <shadowcolor>black</shadowcolor>
                <font>regular24</font>
                <label>$VAR[TVGuideControlHelpText]</label>
                <include>positioning_guidecontrol_buttons</include>
            </control>
            <control type="grouplist" id="1000">
                <defaultcontrol always="true">300</defaultcontrol>
                <top>30</top>
                <height>90</height>
                <left>500</left>
                <orientation>horizontal</orientation>
                <itemgap>10</itemgap>
                <onup>Action(close)</onup>
                <ondown>Action(close)</ondown>
                <onright>400</onright>
                <onleft>501</onleft>
                <usecontrolcoords>true</usecontrolcoords>
                <include content="button_round">
                    <param name="id" value="300" />
                    <param name="onclick" value="PVR.EpgGridControl(-24)" />
                    <param name="icon" value="icons/buttons/rewind.png" />
                    <param name="useanimations" value="true" />
                </include>
                <include content="button_round">
                    <param name="id" value="301" />
                    <param name="onclick" value="PVR.EpgGridControl(-12)" />
                    <param name="icon" value="icons/buttons/play.png" />
                    <param name="useanimations" value="true" />
                    <param name="rotate180" value="true" />
                </include>
                <include content="button_round">
                    <param name="id" value="302" />
                    <param name="onclick" value="PVR.EpgGridControl(CurrentProgramme)" />
                    <param name="icon" value="icons/buttons/play.png" />
                    <param name="useanimations" value="true" />
                    <param name="rotate90" value="true" />
                </include>
                <include content="button_round">
                    <param name="id" value="303" />
                    <param name="onclick" value="PVR.EpgGridControl(+12)" />
                    <param name="icon" value="icons/buttons/play.png" />
                    <param name="useanimations" value="true" />
                </include>
                <include content="button_round">
                    <param name="id" value="304" />
                    <param name="onclick" value="PVR.EpgGridControl(+24)" />
                    <param name="icon" value="icons/buttons/forward.png" />
                    <param name="useanimations" value="true" />
                </include>
            </control>
            <control type="grouplist" id="2000">
                <defaultcontrol always="true">400</defaultcontrol>
                <top>30</top>
                <height>90</height>
                <left>1100</left>
                <orientation>horizontal</orientation>
                <itemgap>10</itemgap>
                <onup>Action(close)</onup>
                <ondown>Action(close)</ondown>
                <onleft>304</onleft>
                <onright condition="!String.IsEmpty(Skin.String(runningat_name_0))">500</onright>
                <onright condition="String.IsEmpty(Skin.String(runningat_name_0))">501</onright>
                <usecontrolcoords>true</usecontrolcoords>
                <include content="button_round">
                    <param name="id" value="400" />
                    <param name="onclick" value="PVR.EpgGridControl(FirstChannel)" />
                    <param name="icon" value="icons/buttons/previous.png" />
                    <param name="useanimations" value="true" />
                </include>
                <include content="button_round">
                    <param name="id" value="401" />
                    <param name="onclick" value="PVR.EpgGridControl(LastChannel)" />
                    <param name="icon" value="icons/buttons/next.png" />
                    <param name="useanimations" value="true" />
                </include>
            </control>
            <control type="grouplist">
                <top>30</top>
                <height>90</height>
                <left>1710</left>
                <orientation>horizontal</orientation>
                <itemgap>10</itemgap>
                <onup>Action(close)</onup>
                <ondown>Action(close)</ondown>
                <onleft>401</onleft>
                <onright>300</onright>
                <usecontrolcoords>true</usecontrolcoords>
                <include content="button_round">
                    <param name="id" value="500" />
                    <param name="visible">!String.IsEmpty(Skin.String(runningat_name_0))</param>
                    <param name="onclick" value="SetProperty(runningat_active,0,home)" />
                    <param name="onclick2" value="ActivateWindow(1107)" />
                    <param name="icon" value="icons/buttons/guide.png" />
                    <param name="useanimations" value="true" />
                </include>
                <include content="button_round">
                    <param name="id" value="501" />
                    <param name="onclick" value="Action(close)" />
                    <param name="onclick2" value="ActivateWindow(tvsearch)" />
                    <param name="icon" value="icons/buttons/search.png" />
                    <param name="useanimations" value="true" />
                </include>
            </control>
        </control>
    </controls>
</window>