<?xml version="1.0" encoding="UTF-8"?>
<window>
    <defaultcontrol>9000</defaultcontrol>
    <include>dialogpopup_openclose</include>
    <controls>
        <control type="group">
            <centerleft>50%</centerleft>
            <centertop>50%</centertop>
            <width>1004</width>
            <height>520</height>
            <include>background_dialog</include>
            <control type="image">
                <aspectratio>stretch</aspectratio>
                <texture colordiffuse="background">colors/white.png</texture>
                <bordertexture colordiffuse="border">colors/white.png</bordertexture>
                <bordersize>2</bordersize>
            </control>
            <control type="panel" id="9000">
                <left>2</left>
                <top>10</top>
                <width>1000</width>
                <height>500</height>
                <onleft>9000</onleft>
                <onright>9000</onright>
                <onup>9000</onup>
                <ondown>9000</ondown>
                <orientation>vertical</orientation>
                <itemlayout width="250" height="250">
                    <include content="dialog_buttonmenu_listitem" />
                </itemlayout>
                <focusedlayout width="250" height="250">
                    <include content="dialog_buttonmenu_listitem">
                        <param name="active">true</param>
                    </include>
                </focusedlayout>
                <content>
                    <item>
                        <label>$LOCALIZE[13012]</label>
                        <icon>icons/powermenu/exit.png</icon> 
                        <onclick>Quit()</onclick>
                        <visible>System.ShowExitButton</visible>
                    </item>
                    <item>
                        <label>$LOCALIZE[13016]</label>
                        <icon>icons/powermenu/powerdown.png</icon> 
                        <onclick>Powerdown()</onclick>
                        <visible>System.CanPowerDown</visible>
                    </item>
                    <item>
                        <label>$LOCALIZE[20150]</label>
                        <icon>icons/powermenu/shutdowntimer.png</icon> 
                        <onclick>AlarmClock(shutdowntimer,Shutdown())</onclick>
                        <visible>!System.HasAlarm(shutdowntimer)</visible>
                        <visible>System.CanPowerDown | System.CanSuspend | System.CanHibernate</visible>
                    </item>
                    <item>
                        <label>$LOCALIZE[20151] $INFO[System.AlarmPos,(,)]</label>
                        <icon>icons/powermenu/cancel.png</icon>
                        <onclick>CancelAlarm(shutdowntimer)</onclick>
                        <visible>System.HasAlarm(shutdowntimer)</visible>
                    </item>
                    <item>
                        <label>$LOCALIZE[13011]</label>
                        <icon>icons/powermenu/suspend.png</icon>
                        <onclick>Suspend()</onclick>
                        <visible>System.CanSuspend</visible>
                    </item>
                    <item>
                        <label>$LOCALIZE[13010]</label>
                        <icon>icons/powermenu/suspend.png</icon>
                        <onclick>Hibernate()</onclick>
                        <visible>System.CanHibernate</visible>
                    </item>
                    <item>
                        <label>$LOCALIZE[13013]</label>
                        <icon>icons/powermenu/reboot.png</icon>
                        <onclick>Reset()</onclick>
                        <visible>System.CanReboot</visible>
                    </item>
                    <item>
                        <label>$LOCALIZE[20126] $INFO[system.profilename]</label>
                        <icon>icons/powermenu/logoff.png</icon>
                        <onclick>dialog.close(all,true)</onclick>
                        <onclick>System.LogOff</onclick>
                        <visible>System.HasLoginScreen | Integer.IsGreater(System.ProfileCount,1)</visible>
                        <visible>System.Loggedon</visible>
                    </item>
                    <item>
                        <label>$VAR[MasterModeLabel]</label>
                        <icon>icons/powermenu/mastermode.png</icon>
                        <onclick>mastermode</onclick>
                        <visible>System.HasLocks</visible>
                    </item>
                    <item>
                        <label>$LOCALIZE[13017]</label>
                        <icon>icons/powermenu/cancel.png</icon>
                        <onclick>InhibitIdleShutdown(true)</onclick>
                        <visible>System.HasShutdown +!System.IsInhibit</visible>
                    </item>
                    <item>
                        <label>$LOCALIZE[13018]</label>
                        <icon>icons/powermenu/inhibitidleshutdown.png</icon>
                        <onclick>InhibitIdleShutdown(false)</onclick>
                        <visible>System.HasShutdown + System.IsInhibit</visible>
                    </item>
                </content>
            </control>
        </control>
    </controls>
</window>
