<?xml version="1.0" encoding="UTF-8"?>
<window>
    <views>50,51</views>
    <backgroundcolor>0</backgroundcolor>
    <controls>
        <control type="label" id="991">
            <top>-3000</top>
        </control>
        <include>background</include>
        <include content="info_header">
            <param name="title" value="$LOCALIZE[31084]" />
            <param name="showicon" value="true" />
            <param name="icon" value="icons/buttons/search.png" />
        </include>
        <control type="group">
            <top>200</top>
            <left>20</left>
            <width>450</width>
            <height>620</height>
            <control type="image">
                <aspectratio>stretch</aspectratio>
                <texture colordiffuse="backgrounddark">colors/white.png</texture>
                <bordertexture colordiffuse="border">colors/white.png</bordertexture>
                <bordersize>1</bordersize>
            </control>
            <control type="list" id="9000">
                <height>570</height>
                <ondown>8000</ondown>
                <onleft>50</onleft>
                <onright>50</onright>
                <scrolltime tween="cubic" easing="out">500</scrolltime>
                <itemlayout width="449" height="95">
                    <control type="image">
                        <width>95</width>
                        <height>95</height>
                        <texture>icons/globalsearch/$INFO[ListItem.Icon]</texture>
                    </control>
                    <control type="label">
                        <left>104</left>
                        <width>350</width>
                        <aligny>center</aligny>
                        <font>light36</font>
                        <label>$INFO[ListItem.Label]</label>
                        <shadowcolor>black</shadowcolor>
                    </control>
                    <control type="label">
                        <width>430</width>
                        <align>right</align>
                        <aligny>center</aligny>
                        <font>light36</font>
                        <label>$INFO[ListItem.Label2]</label>
                        <shadowcolor>black</shadowcolor>
                    </control>
                </itemlayout>
                <focusedlayout width="449" height="95">
                    <control type="group">
                        <visible>!Control.HasFocus(9000)</visible>
                        <control type="image">
                            <width>95</width>
                            <height>95</height>
                            <texture colordiffuse="active">icons/globalsearch/$INFO[ListItem.Icon]</texture>
                        </control>
                        <control type="label">
                            <left>104</left>
                            <width>350</width>
                            <aligny>center</aligny>
                            <font>light36</font>
                            <label>$INFO[ListItem.Label]</label>
                            <textcolor>active</textcolor>
                            <shadowcolor>black</shadowcolor>
                        </control>
                        <control type="label">
                            <width>430</width>
                            <align>right</align>
                            <aligny>center</aligny>
                            <font>light36</font>
                            <label>$INFO[ListItem.Label2]</label>
                            <textcolor>active</textcolor>
                            <shadowcolor>black</shadowcolor>
                        </control>
                    </control>
                    <control type="group">
                        <visible>Control.HasFocus(9000)</visible>
                        <control type="image">
                            <texture colordiffuse="active">backgrounds/overlay_background.png</texture>
                            <bordertexture colordiffuse="active">colors/white.png</bordertexture>
                            <bordersize>1</bordersize>
                        </control>                
                        <control type="image">
                            <width>95</width>
                            <height>95</height>
                            <texture>icons/globalsearch/$INFO[ListItem.Icon]</texture>
                        </control>
                        <control type="label">
                            <left>104</left>
                            <width>350</width>
                            <aligny>center</aligny>
                            <font>light36</font>
                            <label>$INFO[ListItem.Label]</label>
                            <shadowcolor>black</shadowcolor>
                        </control>
                        <control type="label">
                            <width>430</width>
                            <align>right</align>
                            <aligny>center</aligny>
                            <font>light36</font>
                            <label>$INFO[ListItem.Label2]</label>
                            <shadowcolor>black</shadowcolor>
                        </control>
                    </control>
                </focusedlayout>
            </control>
        </control>
        <control type="grouplist" id="8000">
            <defaultcontrol always="true">990</defaultcontrol>
            <top>780</top>
            <width>450</width>
            <align>right</align>
            <onup>9000</onup>
            <ondown>9000</ondown>
            <onright>50</onright>
            <orientation>horizontal</orientation>
            <include content="button_round">
                <param name="id">8001</param>
                <param name="icon">icons/buttons/nextview.png</param>
                <param name="onclick">Container.NextViewMode</param>
            </include>
            <include content="button_round">
                <param name="id">990</param>
                <param name="icon">icons/buttons/search.png</param>
            </include>
        </control>
        <control type="label">
            <include>positioning_globalsearch_buttons</include>
            <top>850</top>
            <width>400</width>
            <align>center</align>
            <textcolor>active</textcolor>
            <shadowcolor>black</shadowcolor>
            <label>$VAR[GlobalsearchHelpText]</label>
        </control>

        <control type="group">
            <visible>Control.IsVisible(51)</visible>
            <left>490</left>
            <top>100</top>
            <width>920</width>
            <height>960</height>
            <control type="image">
                <aspectratio>stretch</aspectratio>
                <texture colordiffuse="backgrounddark">colors/white.png</texture>
                <bordertexture colordiffuse="border">colors/white.png</bordertexture>
                <bordersize>1</bordersize>
            </control>
            <control type="list" id="51">
                <onleft>9000</onleft>
                <viewtype label="535">biglist</viewtype>
                <preloaditems>2</preloaditems>
                <scrolltime tween="cubic" easing="out">500</scrolltime>
                <itemlayout height="100">
                    <control type="image">
                        <left>5</left>
                        <top>5</top>
                        <width>90</width>
                        <height>90</height>
                        <texture background="true">$INFO[ListItem.Art(poster)]</texture>
                        <aspectratio>keep</aspectratio>
                        <visible>Container.Content(movies) | Container.Content(tvshows) | Container.Content(seasons)</visible>
                    </control>
                    <control type="image">
                        <left>5</left>
                        <top>5</top>
                        <width>90</width>
                        <height>90</height>
                        <texture background="true">$INFO[ListItem.Icon]</texture>
                        <aspectratio>keep</aspectratio>
                        <visible>![Container.Content(movies) | Container.Content(tvshows) | Container.Content(seasons)]</visible>
                    </control>
                    <control type="label">
                        <left>110</left>
                        <top>5</top>
                        <height>50</height>
                        <width>790</width>
                        <aligny>center</aligny>
                        <font>light30</font>
                        <label>$INFO[ListItem.Label]</label>
                    </control>
                    <control type="label">
                        <left>110</left>
                        <top>45</top>
                        <height>50</height>
                        <width>790</width>
                        <aligny>center</aligny>
                        <font>regular24</font>
                        <label>$INFO[ListItem.Genre]</label>
                        <visible>Container.Content(movies) | Container.Content(tvshows) | Container.Content(artists)</visible>
                    </control>
                    <control type="label">
                        <left>110</left>
                        <top>45</top>
                        <height>50</height>
                        <width>790</width>
                        <aligny>center</aligny>
                        <font>regular24</font>
                        <label>$INFO[ListItem.TVShowTitle]</label>
                        <visible>Container.Content(seasons) | Container.Content(episodes)</visible>
                    </control>
                    <control type="label">
                        <left>110</left>
                        <top>45</top>
                        <height>50</height>
                        <width>790</width>
                        <aligny>center</aligny>
                        <font>regular24</font>
                        <label>$INFO[ListItem.Property(artist_genre)]</label>
                        <visible>Container.Content(artists)</visible>
                    </control>
                    <control type="label">
                        <left>110</left>
                        <top>45</top>
                        <height>50</height>
                        <width>790</width>
                        <aligny>center</aligny>
                        <font>regular24</font>
                        <label>$INFO[ListItem.Artist]</label>
                        <visible>Container.Content(musicvideos) | Container.Content(albums) | Container.Content(songs)</visible>
                    </control>
                    <control type="label">
                        <left>110</left>
                        <top>45</top>
                        <height>50</height>
                        <width>790</width>
                        <aligny>center</aligny>
                        <font>regular24</font>
                        <label>$INFO[ListItem.Property(Starttime)]</label>
                        <visible>Container.Content(livetv)</visible>
                    </control>
                    <control type="label">
                        <left>110</left>
                        <top>45</top>
                        <height>50</height>
                        <width>790</width>
                        <aligny>center</aligny>
                        <font>regular24</font>
                        <label>$INFO[ListItem.Label2]</label>
                        <visible>Container.Content(actors) | Container.Content(directors)</visible>
                    </control>
                </itemlayout>
                <focusedlayout height="100" width="1458">
                    <control type="image">
                        <visible>Control.HasFocus(51)</visible>
                        <texture colordiffuse="active">backgrounds/overlay_background.png</texture>
                        <bordertexture colordiffuse="active">colors/white.png</bordertexture>
                        <bordersize>1</bordersize>
                    </control>
                    <control type="image">
                        <left>5</left>
                        <top>5</top>
                        <width>90</width>
                        <height>90</height>
                        <texture background="true">$INFO[ListItem.Art(poster)]</texture>
                        <aspectratio>keep</aspectratio>
                        <visible>Container.Content(movies) | Container.Content(tvshows) | Container.Content(seasons)</visible>
                    </control>
                    <control type="image">
                        <left>5</left>
                        <top>5</top>
                        <width>90</width>
                        <height>90</height>
                        <texture background="true">$INFO[ListItem.Icon]</texture>
                        <aspectratio>keep</aspectratio>
                        <visible>![Container.Content(movies) | Container.Content(tvshows) | Container.Content(seasons)]</visible>
                    </control>
                    <control type="label">
                        <left>110</left>
                        <top>5</top>
                        <height>50</height>
                        <width>790</width>
                        <aligny>center</aligny>
                        <font>light30</font>
                        <label>$INFO[ListItem.Label]</label>
                    </control>
                    <control type="label">
                        <left>110</left>
                        <top>45</top>
                        <height>50</height>
                        <width>790</width>
                        <aligny>center</aligny>
                        <font>regular24</font>
                        <label>$INFO[ListItem.Genre]</label>
                        <visible>Container.Content(movies) | Container.Content(tvshows) | Container.Content(artists)</visible>
                    </control>
                    <control type="label">
                        <left>110</left>
                        <top>45</top>
                        <height>50</height>
                        <width>790</width>
                        <aligny>center</aligny>
                        <font>regular24</font>
                        <label>$INFO[ListItem.TVShowTitle]</label>
                        <visible>Container.Content(seasons) | Container.Content(episodes)</visible>
                    </control>
                    <control type="label">
                        <left>110</left>
                        <top>45</top>
                        <height>50</height>
                        <width>790</width>
                        <aligny>center</aligny>
                        <font>regular24</font>
                        <label>$INFO[ListItem.Property(artist_genre)]</label>
                        <visible>Container.Content(artists)</visible>
                    </control>
                    <control type="label">
                        <left>110</left>
                        <top>45</top>
                        <height>50</height>
                        <width>790</width>
                        <aligny>center</aligny>
                        <font>regular24</font>
                        <label>$INFO[ListItem.Artist]</label>
                        <visible>Container.Content(musicvideos) | Container.Content(albums) | Container.Content(songs)</visible>
                    </control>
                    <control type="label">
                        <left>110</left>
                        <top>45</top>
                        <height>50</height>
                        <width>790</width>
                        <aligny>center</aligny>
                        <font>regular24</font>
                        <label>$INFO[ListItem.Property(Starttime)]</label>
                        <visible>Container.Content(livetv)</visible>
                    </control>
                    <control type="label">
                        <left>110</left>
                        <top>45</top>
                        <height>50</height>
                        <width>790</width>
                        <aligny>center</aligny>
                        <font>regular24</font>
                        <label>$INFO[ListItem.Label2]</label>
                        <visible>Container.Content(actors) | Container.Content(directors)</visible>
                    </control>
                </focusedlayout>
            </control>
        </control>

        <control type="group">
            <top>100</top>
            <left>1420</left>
            <width>490</width>
            <height>960</height>
            <visible>Control.IsVisible(51)</visible>
            <control type="image">
                <aspectratio>stretch</aspectratio>
                <texture colordiffuse="backgrounddark">colors/white.png</texture>
                <bordertexture colordiffuse="border">colors/white.png</bordertexture>
                <bordersize>1</bordersize>
            </control>
            <control type="image">
                <left>10</left>
                <top>10</top>
                <width>470</width>
                <height>470</height>
                <texture background="true">$INFO[ListItem.Art(poster)]</texture>
                <aspectratio>keep</aspectratio>
                <visible>Container.Content(movies) | Container.Content(tvshows) | Container.Content(seasons)</visible>
            </control>
            <control type="image">
                <left>10</left>
                <top>10</top>
                <width>470</width>
                <height>470</height>
                <texture>$INFO[ListItem.Icon]</texture>
                <aspectratio>keep</aspectratio>
                <visible>![Container.Content(movies) | Container.Content(tvshows) | Container.Content(seasons)]</visible>
            </control>
            <control type="textbox">
                <left>10</left>
                <top>500</top>
                <height>450</height>
                <width>470</width>
                <aligny>justify</aligny>
                <font>regular24</font>
                <label>$INFO[ListItem.Plot]</label>
                <visible>Container.Content(tvshows) | Container.Content(seasons) | Container.Content(episodes)</visible>
            </control>

            <control type="group">
                <visible>Container.Content(movies) | Container.Content(musicvideos)</visible>
                <left>10</left>
                <width>470</width>
                <control type="textbox">
                    <top>500</top>
                    <height>400</height>
                    <aligny>justify</aligny>
                    <font>regular24</font>
                    <label>$INFO[ListItem.Plot]</label>
                </control>
                <control type="grouplist">
                    <orientation>horizontal</orientation>
                    <top>910</top>
                    <align>center</align>
                    <itemgap>5</itemgap>
                    <control type="image">
                        <visible>!String.IsEmpty(Container.ListItem.AudioChannels)</visible>
                        <width>104</width>
                        <height>40</height>
                        <fadetime>200</fadetime>
                        <aspectratio align="center" aligny="top">keep</aspectratio>
                        <texture>$INFO[Container.ListItem.AudioChannels,flags/audiochannel/,.png]</texture>
                    </control>
                    <control type="image">
                        <visible>!String.IsEmpty(Container.ListItem.AudioCodec)</visible>
                        <width>104</width>
                        <height>40</height>
                        <fadetime>200</fadetime>
                        <aspectratio align="center" aligny="top">keep</aspectratio>
                        <texture>$INFO[Container.ListItem.AudioCodec,flags/audiocodec/,.png]</texture>
                    </control>
                    <control type="image">
                        <visible>!String.IsEmpty(Container.ListItem.VideoAspect)</visible>
                        <width>87</width>
                        <height>40</height>
                        <fadetime>200</fadetime>
                        <aspectratio align="center" aligny="top">keep</aspectratio>
                        <texture>$INFO[Container.ListItem.VideoAspect,flags/aspectratio/,.png]</texture>
                    </control>
                    <control type="image">
                        <visible>!String.IsEmpty(Container.ListItem.VideoCodec)</visible>
                        <width>104</width>
                        <height>40</height>
                        <fadetime>200</fadetime>
                        <aspectratio align="center" aligny="top">keep</aspectratio>
                        <texture>$INFO[Container.ListItem.VideoCodec,flags/videocodec/,.png]</texture>
                    </control>
                </control>
            </control>
            <control type="textbox">
                <left>10</left>
                <top>500</top>
                <height>450</height>
                <width>470</width>
                <aligny>justify</aligny>
                <font>regular24</font>
                <label>$INFO[ListItem.Property(Plot)]</label>
                <visible>Container.Content(livetv)</visible>
            </control>
            <control type="textbox">
                <left>10</left>
                <top>500</top>
                <height>450</height>
                <width>470</width>
                <aligny>justify</aligny>
                <font>regular24</font>
                <label>$INFO[ListItem.Property(Artist_Description)]</label>
                <visible>Container.Content(artists)</visible>
            </control>
            <control type="textbox">
                <left>10</left>
                <top>500</top>
                <height>450</height>
                <width>470</width>
                <aligny>justify</aligny>
                <font>regular24</font>
                <label>$INFO[ListItem.Property(Album_Description)]</label>
                <visible>Container.Content(albums)</visible>
            </control>
            <control type="textbox">
                <left>10</left>
                <top>500</top>
                <height>450</height>
                <width>470</width>
                <aligny>justify</aligny>
                <font>regular24</font>
                <label>$INFO[ListItem.Comment]</label>
                <visible>Container.Content(songs)</visible>
            </control>
        </control>

        <control type="panel" id="50">
            <left>490</left>
            <top>80</top>
            <width>1410</width>
            <height>980</height>
            <onleft>9000</onleft>
            <viewtype label="536">icon</viewtype>
            <preloaditems>4</preloaditems>
            <scrolltime tween="cubic" easing="out">500</scrolltime>
            <itemlayout height="370" width="235" condition="Container.Content(movies) | Container.Content(tvshows) | Container.Content(seasons) | Container.Content(musicvideos)">
                <control type="image">
                    <width>220</width>
                    <height>360</height>
                    <aspectratio>stretch</aspectratio>
                    <texture colordiffuse="backgrounddark">colors/white.png</texture>
                    <bordertexture colordiffuse="border">colors/white.png</bordertexture>
                    <bordersize>1</bordersize>
                </control>
                <control type="image">
                    <left>15</left>
                    <top>5</top>
                    <width>190</width>
                    <height>285</height>
                    <texture fallback="DefaultVideo.png" background="true">$INFO[ListItem.Art(poster)]</texture>
                </control>
                <control type="textbox">
                    <visible>!Container.Content(seasons)</visible>
                    <left>10</left>
                    <top>290</top>
                    <width>200</width>
                    <height>60</height>
                    <font>regular18</font>
                    <align>center</align>
                    <aligny>center</aligny>
                    <label>$VAR[GlobalSearchLabelWallMovies]</label>
                </control>
            </itemlayout>
            <focusedlayout height="370" width="235" condition="Container.Content(movies) | Container.Content(tvshows) | Container.Content(seasons) | Container.Content(musicvideos)">
                <control type="image">
                    <width>220</width>
                    <height>360</height>
                    <aspectratio>stretch</aspectratio>
                    <texture colordiffuse="active">backgrounds/overlay_background.png</texture>
                    <bordertexture colordiffuse="active">colors/white.png</bordertexture>
                    <bordersize>1</bordersize>
                </control>
                <control type="image">
                    <left>15</left>
                    <top>5</top>
                    <width>190</width>
                    <height>285</height>
                    <texture fallback="DefaultVideo.png" background="true">$INFO[ListItem.Art(poster)]</texture>
                </control>
                <control type="textbox">
                    <visible>!Container.Content(seasons)</visible>
                    <left>10</left>
                    <top>290</top>
                    <width>200</width>
                    <height>60</height>
                    <font>regular18</font>
                    <align>center</align>
                    <aligny>center</aligny>
                    <label>$VAR[GlobalSearchLabelWallMovies]</label>
                    <autoscroll delay="500" time="2000" repeat="3000">true</autoscroll>
                </control>
            </focusedlayout>

            <itemlayout height="360" width="470" condition="Container.Content(episodes)">
                <control type="image">
                    <width>460</width>
                    <height>350</height>
                    <aspectratio>stretch</aspectratio>
                    <texture colordiffuse="backgrounddark">colors/white.png</texture>
                    <bordertexture colordiffuse="border">colors/white.png</bordertexture>
                    <bordersize>1</bordersize>
                </control>
                <control type="image">
                    <left>5</left>
                    <top>5</top>
                    <width>450</width>
                    <height>254</height>
                    <aspectratio>scale</aspectratio>
                    <texture background="true">$INFO[ListItem.Icon]</texture>
                </control>
                <control type="label">
                    <left>10</left>
                    <top>275</top>
                    <width>440</width>
                    <height>30</height>
                    <font>light30</font>
                    <align>center</align>
                    <aligny>center</aligny>
                    <label>$INFO[ListItem.TvShowTitle]</label>
                </control>
                <control type="label">
                    <left>10</left>
                    <top>310</top>
                    <width>440</width>
                    <height>30</height>
                    <font>regular24</font>
                    <align>center</align>
                    <aligny>center</aligny>
                    <label>$INFO[ListItem.Label]</label>
                </control>
            </itemlayout>
            <focusedlayout height="360" width="470" condition="Container.Content(episodes)">
                <control type="image">
                    <width>460</width>
                    <height>350</height>
                    <aspectratio>stretch</aspectratio>
                    <texture colordiffuse="active">backgrounds/overlay_background.png</texture>
                    <bordertexture colordiffuse="active">colors/white.png</bordertexture>
                    <bordersize>1</bordersize>
                </control>
                <control type="image">
                    <left>5</left>
                    <top>5</top>
                    <width>450</width>
                    <height>254</height>
                    <aspectratio>scale</aspectratio>
                    <texture background="true">$INFO[ListItem.Icon]</texture>
                </control>
                <control type="label">
                    <left>10</left>
                    <top>275</top>
                    <width>440</width>
                    <height>30</height>
                    <font>light30</font>
                    <align>center</align>
                    <aligny>center</aligny>
                    <label>$INFO[ListItem.TvShowTitle]</label>
                </control>
                <control type="label">
                    <left>10</left>
                    <top>310</top>
                    <width>440</width>
                    <height>30</height>
                    <font>regular24</font>
                    <align>center</align>
                    <aligny>center</aligny>
                    <label>$INFO[ListItem.Label]</label>
                </control>
            </focusedlayout>

            <itemlayout width="350" height="400" condition="Container.Content(artists) | Container.Content(albums) | Container.Content(songs) | Container.Content(actors) | Container.Content(directors) | Container.Content(livetv)">

                <control type="image">
                    <width>340</width>
                    <height>390</height>
                    <aspectratio>stretch</aspectratio>
                    <texture colordiffuse="backgrounddark">colors/white.png</texture>
                    <bordertexture colordiffuse="border">colors/white.png</bordertexture>
                    <bordersize>1</bordersize>
                </control>
                <control type="image">
                    <left>20</left>
                    <top>5</top>
                    <width>300</width>
                    <height>300</height>
                    <texture background="true">$INFO[ListItem.Icon]</texture>
                    <aspectratio>scale</aspectratio>
                </control>
                <control type="group">
                    <visible>Container.Content(artists)</visible>
                    <control type="label">
                        <left>10</left>
                        <top>305</top>
                        <width>320</width>
                        <height>40</height>
                        <font>light30</font>
                        <align>center</align>
                        <aligny>center</aligny>
                        <label>$INFO[ListItem.Label]</label>
                    </control>
                    <control type="label">
                        <left>10</left>
                        <top>345</top>
                        <width>320</width>
                        <height>40</height>
                        <font>light30</font>
                        <align>center</align>
                        <aligny>center</aligny>
                        <label>$INFO[ListItem.Property(Artist_Formed),*,]$INFO[ListItem.Property(Artist_Disbanded), - ,]</label>
                    </control>
                </control>
                <control type="group">
                    <visible>Container.Content(albums) | Container.Content(songs)</visible>
                    <control type="label">
                        <left>10</left>
                        <top>305</top>
                        <width>320</width>
                        <height>50</height>
                        <font>light30</font>
                        <align>center</align>
                        <aligny>center</aligny>
                        <label>$INFO[ListItem.Artist]</label>
                    </control>
                    <control type="label">
                        <left>10</left>
                        <top>345</top>
                        <width>320</width>
                        <height>40</height>
                        <font>regular24</font>
                        <align>center</align>
                        <aligny>center</aligny>
                        <label>$INFO[ListItem.Title]</label>
                    </control>
                </control>
                <control type="label">
                    <left>10</left>
                    <top>305</top>
                    <width>320</width>
                    <height>80</height>
                    <font>light30</font>
                    <align>center</align>
                    <aligny>center</aligny>
                    <label>$INFO[ListItem.Property(ChannelName)]</label>
                    <visible>Container.Content(livetv)</visible>
                </control>
                <control type="label">
                    <left>10</left>
                    <top>305</top>
                    <width>320</width>
                    <height>80</height>
                    <font>light30</font>
                    <align>center</align>
                    <aligny>center</aligny>
                    <label>$INFO[ListItem.Label]</label>
                    <visible>Container.Content(actors) | Container.Content(directors)</visible>
                </control>
            </itemlayout>
            <focusedlayout width="350" height="360" condition="Container.Content(artists) | Container.Content(albums) | Container.Content(songs) | Container.Content(actors) | Container.Content(directors) | Container.Content(livetv)">

                <control type="image">
                    <width>340</width>
                    <height>390</height>
                    <aspectratio>stretch</aspectratio>
                    <texture colordiffuse="active">backgrounds/overlay_background.png</texture>
                    <bordertexture colordiffuse="active">colors/white.png</bordertexture>
                    <bordersize>1</bordersize>
                </control>
                <control type="image">
                    <left>20</left>
                    <top>5</top>
                    <width>300</width>
                    <height>300</height>
                    <texture background="true">$INFO[ListItem.Icon]</texture>
                    <aspectratio>scale</aspectratio>
                </control>
                <control type="group">
                    <visible>Container.Content(artists)</visible>
                    <control type="label">
                        <left>10</left>
                        <top>305</top>
                        <width>320</width>
                        <height>40</height>
                        <font>light30</font>
                        <align>center</align>
                        <aligny>center</aligny>
                        <label>$INFO[ListItem.Label]</label>
                    </control>
                    <control type="label">
                        <left>10</left>
                        <top>345</top>
                        <width>320</width>
                        <height>40</height>
                        <font>light30</font>
                        <align>center</align>
                        <aligny>center</aligny>
                        <label>$INFO[ListItem.Property(Artist_Formed),*,]$INFO[ListItem.Property(Artist_Disbanded), - ,]</label>
                    </control>
                </control>
                <control type="group">
                    <visible>Container.Content(albums) | Container.Content(songs)</visible>
                    <control type="label">
                        <left>10</left>
                        <top>305</top>
                        <width>320</width>
                        <height>50</height>
                        <font>light30</font>
                        <align>center</align>
                        <aligny>center</aligny>
                        <label>$INFO[ListItem.Artist]</label>
                    </control>
                    <control type="label">
                        <left>10</left>
                        <top>345</top>
                        <width>320</width>
                        <height>40</height>
                        <font>regular24</font>
                        <align>center</align>
                        <aligny>center</aligny>
                        <label>$INFO[ListItem.Title]</label>
                    </control>
                </control>
                <control type="label">
                    <left>10</left>
                    <top>305</top>
                    <width>320</width>
                    <height>80</height>
                    <font>light30</font>
                    <align>center</align>
                    <aligny>center</aligny>
                    <label>$INFO[ListItem.Property(ChannelName)]</label>
                    <visible>Container.Content(livetv)</visible>
                </control>
                <control type="label">
                    <left>10</left>
                    <top>305</top>
                    <width>320</width>
                    <height>80</height>
                    <font>light30</font>
                    <align>center</align>
                    <aligny>center</aligny>
                    <label>$INFO[ListItem.Label]</label>
                    <visible>Container.Content(actors) | Container.Content(directors)</visible>
                </control>
            </focusedlayout>
        </control>

        <control type="label" id="999">
            <left>436</left>
            <top>0</top>
            <width>1484</width>
            <height>1080</height>
            <align>center</align>
            <aligny>center</aligny>
            <font>light50</font>
            <label>$LOCALIZE[284]</label>
        </control>
    </controls>
</window>
