<?xml version="1.0" encoding="UTF-8"?>
<window>
    <include>openclose_fade_slight_left</include>
    <defaultcontrol always="true">100</defaultcontrol>
    <onunload>Control.SetFocus(200)</onunload>
    <zorder>1</zorder>
    <controls>
        <control type="group">
            <top>60</top>
            <left>0</left>
            <control type="image">
                <height>380</height>
                <aspectratio>stretch</aspectratio>
                <texture colordiffuse="backgroundtransparent">colors/white.png</texture>
            </control>
            <control type="textbox">
                <left>0</left>
                <top>1</top>
                <width>1920</width>
                <height>360</height>
                <align>center</align>
                <aligny>center</aligny>
                <font>light60</font>
                <label>$LOCALIZE[31054]</label>
                <visible>Integer.IsEqual(Container(11).NumItems,0)</visible>
            </control>
            <control type="panel" id="11">
                <left>0</left>
                <top>30</top>
                <width>100%</width>
                <height>350</height>
                <ondown>9001</ondown>
                <onup>Back</onup>
                <defaultcontrol always="true">0</defaultcontrol>
                <preloaditems>2</preloaditems>
                <scrolltime tween="sine">200</scrolltime>
                <orientation>horizontal</orientation>
                <itemlayout width="360" height="340">
                    <control type="group">
                        <left>70</left>
                        <control type="image">
                            <left>0</left>
                            <top>5</top>
                            <width>330</width>
                            <height>250</height>
                            <aspectratio>scale</aspectratio>
                            <texture border="4" fallback="DefaultVideo.png">$INFO[ListItem.Art(thumb)]</texture>
                            <bordertexture colordiffuse="border">colors/white.png</bordertexture>
                            <bordersize>4</bordersize>
                        </control>
                        <control type="label">
                            <left>20</left>
                            <top>255</top>
                            <width>290</width>
                            <height>30</height>
                            <label>$INFO[ListItem.Label]</label>
                            <font>regular24</font>
                            <align>center</align>
                            <aligny>center</aligny>
                        </control>
                        <control type="label">
                            <left>20</left>
                            <top>280</top>
                            <width>290</width>
                            <height>30</height>
                            <label>$INFO[ListItem.Label2]</label>
                            <font>regular24</font>
                            <align>center</align>
                        </control>
                    </control>
                </itemlayout>
                <focusedlayout width="360" height="340">
                    <control type="group">
                        <left>70</left>
                        <control type="image">
                            <left>0</left>
                            <top>5</top>
                            <width>330</width>
                            <height>250</height>
                            <aspectratio>scale</aspectratio>
                            <texture border="4" fallback="DefaultVideo.png">$INFO[ListItem.Art(thumb)]</texture>
                            <bordertexture colordiffuse="active">colors/white.png</bordertexture>
                            <bordersize>4</bordersize>
                        </control>
                        <control type="label">
                            <left>20</left>
                            <top>255</top>
                            <width>290</width>
                            <height>30</height>
                            <align>center</align>
                            <aligny>center</aligny>
                            <label>$INFO[ListItem.Label]</label>
                            <font>regular24</font>
                            <textcolor>active</textcolor>
                        </control>
                        <control type="label">
                            <left>20</left>
                            <top>280</top>
                            <width>290</width>
                            <height>30</height>
                            <align>center</align>
                            <label>$INFO[ListItem.Label2]</label>
                            <font>regular24</font>
                            <textcolor>active</textcolor>
                        </control>
                    </control>
                </focusedlayout>
            </control>
            <control type="grouplist" id="9001">
                <orientation>horizontal</orientation>
                <top>340</top>
                <right>20</right>
                <align>right</align>
                <height>100</height>
                <onup>11</onup>
                <ondown>11</ondown>
                <include content="button_round">
                    <param name="id" value="100" />
                    <param name="onclick" value="Back" />
                    <param name="icon" value="icons/buttons/close.png" />
                    <param name="useanimations" value="true" />
                </include>
                <include content="button_round">
                    <param name="id" value="2" />
                    <param name="icon" value="icons/buttons/new.png" />
                    <param name="useanimations" value="true" />
                </include>
                <include content="button_round">
                    <param name="id" value="3" />
                    <param name="icon" value="icons/buttons/delete.png" />
                    <param name="useanimations" value="true" />
                </include>
            </control>
            <control type="textbox">
                <visible>Control.HasFocus(100)</visible>
                <top>425</top>
                <width>300</width>
                <right>55</right>
                <align>center</align>
                <textcolor>active</textcolor>
                <shadowcolor>black</shadowcolor>
                <label>Schließen</label>
            </control>
            <control type="textbox">
                <visible>Control.HasFocus(2)</visible>
                <top>425</top>
                <width>200</width>
                <right>30</right>
                <align>center</align>
                <textcolor>active</textcolor>
                <shadowcolor>black</shadowcolor>
                <label>$LOCALIZE[294]</label>
            </control>
            <control type="textbox">
                <visible>Control.HasFocus(3)</visible>
                <top>425</top>
                <width>200</width>
                <right>2</right>
                <align>right</align>
                <textcolor>active</textcolor>
                <shadowcolor>black</shadowcolor>
                <label>$LOCALIZE[296]</label>
            </control>
        </control>
    </controls>
</window>