<?xml version="1.0" encoding="UTF-8"?>
<includes>
	<include name="view_511_fanartposter">
		<control type="button" id="20000">
			<description>Dummy button to get animations right (hide focusedlayout on animations)</description>
			<include>HiddenObject</include>
			<animation effect="fade" delay="500" time="0" start="100" end="0">Visible</animation>
			<animation effect="fade" delay="500" time="0" start="100" end="0">WindowOpen</animation>
			<onclick>noop</onclick>
			<visible>Control.IsVisible(511)</visible>
		</control>
        <control type="image">
            <visible>Control.IsVisible(511) + String.IsEmpty(Container.Art(fanart))</visible>
            <top>63</top>
            <width>1920</width>
            <height>1080</height>
            <aspectratio>stretch</aspectratio>
            <fadetime>200</fadetime>
            <texture background="true">$INFO[ListItem.Art(fanart)]</texture>
        </control>
        <control type="image">
            <visible>Control.IsVisible(511) + !String.IsEmpty(Container.Art(fanart))</visible>
            <top>63</top>
            <width>1920</width>
            <height>1080</height>
            <aspectratio>stretch</aspectratio>
            <fadetime>200</fadetime>
            <texture background="true">$INFO[Container.Art(fanart)]</texture>
        </control>
		<control type="group">
			<description>Poster Viewtype</description>
			<centertop>50%</centertop>
			<height>720</height>
			<control type="group">
				<visible>Control.IsVisible(511)</visible>
				<include>openclose_fade_slight_right</include>
				<control type="fixedlist" id="511">
					<left>0</left>
					<top>0</top>
					<width>110%</width>
					<height>704</height>
					<focusposition>1</focusposition>
					<movement>0</movement>
					<pagecontrol>5199</pagecontrol>
					<scrolltime tween="cubic" easing="inout">500</scrolltime>
					<orientation>horizontal</orientation>
                    <onleft>511</onleft>
					<onup>9000</onup>
					<ondown>5199</ondown>
                    <onright>511</onright>
					<hitrect x="100" y="0" w="800" h="400" />
					<visible>Container.Content(movies) | Container.Content(seasons) | Container.Content(sets) | Container.Content(tvshows)</visible>
					<preloaditems>1</preloaditems>
					<viewtype label="FanartPoster">icon</viewtype>
                    
					<itemlayout></itemlayout>
                    
					<focusedlayout width="490">
                       <!--neu-->
                        <control type="group">
                            <visible>String.IsEmpty(ListItem.Art(poster))</visible>
                            <control type="image">
                                <left>15</left>
                                <top>-10</top>
                                <width>290</width>
                                <height>400</height>
                                <texture>dialogs/dialog-bg-nobo.png</texture>
                                <bordertexture border="21">overlays/shadow.png</bordertexture>
                                <bordersize>20</bordersize>
                            </control>
                            <!--<control type="image">
                                <left>15</left>
                                <top>-10</top>
                                <width>290</width>
                                <height>400</height>
                                <texture colordiffuse="button_focus">colors/grey.png</texture>
                                <bordersize>20</bordersize>
                                <visible>$PARAM[focused]</visible>
                                <include condition="$PARAM[focused]">Animation_FocusTextureFade</include>
                            </control>-->
                            <control type="textbox">
                                <left>40</left>
                                <top>244</top>
                                <width>242</width>
                                <height>120</height>
                                <font>font27</font>
                                <align>center</align>
                                <aligny>center</aligny>
                                <label>$INFO[ListItem.Label]</label>
                                <autoscroll time="2000" delay="3000" repeat="5000">$PARAM[focused]</autoscroll>
                                <visible>!ListItem.IsParentFolder</visible>
                            </control>
                            <control type="image">
                                <left>24</left>
                                <top>-1</top>
                                <width>272</width>
                                <height>270</height>
                                <texture fallback="DefaultMovies.png" background="true">$INFO[ListItem.Icon]</texture>
                                <aspectratio>scale</aspectratio>
                                <bordersize>20</bordersize>
                            </control>
                        </control>
                        <control type="group">
                            <visible>!String.IsEmpty(ListItem.Art(poster))</visible>
                            <!--<control type="image">
                                <left>11</left>
                                <top>-14</top>
                                <width>298</width>
                                <height>408</height>
                                <texture colordiffuse="active">colors/grey.png</texture>
                                <bordertexture border="21">overlays/shadow.png</bordertexture>
                                <bordersize>20</bordersize>
                                <visible>$PARAM[focused]</visible>
                                <include condition="$PARAM[focused]">Animation_FocusTextureFade</include>
                            </control>-->
                            <control type="image">
                                <left>35</left>
                                <top>290</top>
                                <width>80</width>
                                <height>80</height>
                                <texture>overlays/overlay-bg.png</texture>
                                <visible>Listitem.IsCollection | ListItem.IsPlaying | Integer.IsGreater(ListItem.Playcount,0)</visible>
                            </control>
                        </control>
                        <control type="group">
                            <visible>String.IsEqual(ListItem.DBtype,tvshow)</visible>
                            <top>320</top>
                            <!--<control type="image">
                                <left>35</left>
                                <top>0</top>
                                <width>250</width>
                                <height>50</height>
                                <texture colordiffuse="CCFFFFFF">overlays/overlayfade.png</texture>
                                <visible>!String.IsEmpty(ListItem.Art(poster))</visible>
                            </control>-->
                            <control type="label">
                                <left>0</left>
                                <top>20</top>
                                <width>288</width>
                                <label>$INFO[ListItem.Property(WatchedEpisodes)]$INFO[ListItem.Property(TotalEpisodes), / ,]</label>
                                <font>regular20</font>
                                <shadowcolor>black</shadowcolor>
                                <align>right</align>
                            </control>
                        </control>
                        <!--<control type="image">
                            <left>35</left>
                            <top>338</top>
                            <width>32</width>
                            <height>32</height>
                            <texture>$VAR[WatchedOverlayVar]</texture>
                        </control>-->
                        <control type="progress">
                            <left>35</left>
                            <top>350</top>
                            <width>250</width>
                            <height>1</height>
                            <texturebg></texturebg>
                            <midtexture colordiffuse="button_focus" border="3">texturebg_alt_white.png</midtexture>
                            <info>ListItem.PercentPlayed</info>
                            <visible>!Integer.IsEqual(ListItem.PercentPlayed,0)</visible>
                        </control>
                       <!--end neu-->
                    </focusedlayout>
				</control>
				<control type="group">
					<top>115</top>
                    <left>-150</left>
					<control type="group">
						<left>635</left>
						<top>480</top>
						<height>245</height>
						<visible>ListItem.IsCollection + String.IsEmpty(ListItem.Plot)</visible>
						<include content="InfoList">
							<param name="bottom" value="0" />
							<param name="sortby" value="year" />
							<param name="sortorder" value="descending" />
							<param name="font" value="regular20" />
						</include>
					</control>
					<control type="image">
						<left>645</left>
						<top>415</top>
						<width>32</width>
						<height>32</height>
						<texture>$VAR[WatchedOverlayVar]</texture>
					</control>
					<control type="label">
						<left>695</left>
						<top>400</top>
						<right>50</right>
						<height>40</height>
						<label>$INFO[ListItem.Label]$VAR[ListSubLabelVar]</label>
						<font>font45_title</font>
						<shadowcolor>black</shadowcolor>
					</control>
					<control type="textbox">
						<left>645</left>
						<top>480</top>
						<height>350</height>
						<right>115</right>
						<autoscroll time="3000" delay="7000" repeat="5000">!System.HasActiveModalDialog</autoscroll>
						<label>$INFO[ListItem.Plot]</label>
						<shadowcolor>black</shadowcolor>
						<visible>!ListItem.IsCollection</visible>
					</control>
				</control>
			</control>
		</control>
		<control type="group">
            <left>0</left>
			<height>100%</height>
			<!--<left>101</left>-->
			<depth>DepthContentPopout</depth>
			<visible>Control.IsVisible(511)</visible>
			<include>openclose_fade_slight_left</include>
			<control type="image">
				<left>4</left>
				<bottom>4</bottom>
				<width>476</width>
				<height>716</height>
				<fadetime>200</fadetime>
				<aspectratio>scale</aspectratio>
				<texture fallback="DefaultVideo.png" background="true">$INFO[ListItem.Art(poster)]</texture>
			</control>
		</control>
	</include>
</includes>
